Date,AAPL,MSFT,TSLA
2020-01-03,-0.009769493937357585,-0.012530124907760749,0.02920267893223429
2020-01-06,0.00793635191308495,0.0025819420986064614,0.019071612174755247
2020-01-07,-0.00471406883631382,-0.00915999626026586,0.03806670586808656
2020-01-08,0.015957902423240498,0.015802934517830828,0.048032568493066904
2020-01-09,0.02101873787392169,0.01241577881905102,-0.022189385476863444
2020-01-10,0.002258131085673224,-0.004637634097834035,-0.006649355680979514
2020-01-13,0.021139382027105774,0.011952576290228613,0.09320702322102203
2020-01-14,-0.013595548927999097,-0.007068130621044679,0.024578286172624794
2020-01-15,-0.004294452735348491,0.006455039311777631,-0.03676981311758122
2020-01-16,0.01244838093139609,0.018157897634029453,-0.00970946227670784
2020-01-17,0.011010598772296858,0.005580913843908563,-0.005839913304383257
2020-01-21,-0.006800253959156863,-0.003597309588853395,0.06942373110021945
2020-01-22,0.0035632740227645007,-0.004816113156341287,0.04004983514491321
2020-01-23,0.004804208312971712,0.006136816489078512,0.004624413044606698
2020-01-24,-0.0028859192115034404,-0.01012805581920178,-0.012981499419033645
2020-01-27,-0.029846295208713555,-0.016864485244740244,-0.01211233185789717
2020-01-28,0.027896425175251576,0.019406180738559865,0.01578809278786119
2020-01-29,0.020716338514142677,0.015472625546867718,0.024550664730790914
2020-01-30,-0.0014504563110543382,0.027817077841512074,0.09799952270077929
2020-01-31,-0.045351707827200764,-0.014868554968402828,0.015115867923964002
2020-02-03,-0.0027495324477820123,0.02408630738546216,0.18144500086765877
2020-02-04,0.03248019840658321,0.03238643681833806,0.1286186970285338
2020-02-05,0.008121034790916967,-0.0012222106673697218,-0.18845037343186985
2020-02-06,0.01162924228762012,0.02052176792473649,0.019223358515689692
2020-02-07,-0.013685934140851801,0.0014146516116607915,-0.0011890304222132414
2020-02-10,0.00473831184719238,0.025820647238135593,0.030554904345579816
2020-02-11,-0.0060513962287446765,-0.022834185889685176,0.0040112052857509935
2020-02-12,0.02347026633110794,0.0014630344315179043,-0.009197828567077742
2020-02-13,-0.0071467908072349205,-0.005428643295339511,0.04673438827304483
2020-02-14,0.0002462578584881014,0.008887593449727582,-0.004949986662921372
2020-02-18,-0.01848013894620253,0.010091705693390617,0.0704209168261074
2020-02-19,0.014378765681796525,0.0029948500762111874,0.06649517653196184
2020-02-20,-0.010312059630818712,-0.015389073159273398,-0.019826354777620056
2020-02-21,-0.022895103484631966,-0.03212331525956589,0.0017662480443414094
2020-02-24,-0.048665625998321624,-0.044072634181301,-0.07752369493467591
2020-02-25,-0.03445901204473863,-0.01663926159526724,-0.041482357972054684
2020-02-26,0.015739062696876,0.012417238524784074,-0.026744949535016983
2020-02-27,-0.06760243501895848,-0.07306407006448258,-0.1371331162906117
2020-02-28,-0.0005852226599688863,0.023924303756874668,-0.01634795032742122
2020-03-02,0.08901858227569784,0.064418714706247,0.1072570247859105
2020-03-03,-0.03227467735505554,-0.04910558455978805,0.0025383850988232293
2020-03-04,0.04534114330575268,0.036057285910517656,0.005337746224066965
2020-03-05,-0.03297488921595259,-0.025415614301840892,-0.033869376791647296
2020-03-06,-0.013369498777057905,-0.028674641000097992,-0.029497510135476336
2020-03-09,-0.0823950527095828,-0.07017826129974827,-0.14586457137702016
2020-03-10,0.06954642663170763,0.06614717234594703,0.059586929551683376
2020-03-11,-0.035347981108589034,-0.046360141010935774,-0.01735009892797303
2020-03-12,-0.10397787193499346,-0.09964123699453188,-0.12349328402408655
2020-03-13,0.11315746195096486,0.1329287736823906,-0.02516454136147571
2020-03-16,-0.13770804505471942,-0.15945364935307343,-0.20552230217550044
2020-03-17,0.043030896092081564,0.07912209716620777,-0.03398134500612111
2020-03-18,-0.02478459781630532,-0.043007470923541055,-0.17476304366003273
2020-03-19,-0.007691492827028927,0.016319037266688565,0.16879451260286096
2020-03-20,-0.06559036491619276,-0.03828212727102502,-0.00025720668994270134
2020-03-23,-0.021473179908662116,-0.010024510891488305,0.015688043665694176
2020-03-24,0.0956058512652874,0.08699910112947315,0.15084593365171223
2020-03-25,-0.005523820338585498,-0.009618782679553512,0.06562083944686455
2020-03-26,0.051285089320654176,0.06067278582938501,-0.0207800386755252
2020-03-27,-0.04228366163290829,-0.04192809860394909,-0.026475805312348537
2020-03-30,0.028138398911731827,0.06797712031526909,-0.024064387275638185
2020-03-31,-0.002042994504021201,-0.015852101456374657,0.04263263821287683
2020-04-01,-0.05405175530431327,-0.036154036765843854,-0.08446087652228773
2020-04-02,0.016548779102082658,0.020497063290350608,-0.057898921000518445
2020-04-03,-0.01447562270083392,-0.009252941124184287,0.05467504939194526
2020-04-06,0.08363994550252674,0.07173257725771583,0.07276481895829454
2020-04-07,-0.011649632496155722,-0.010828821321009215,0.05503939414254686
2020-04-08,0.02527276209190815,0.009981113877289617,0.006195761068727163
2020-04-09,0.0071898604926349755,6.0602160791987926e-05,0.043078797207400474
2020-04-13,0.019437777870411368,0.0022380520788048775,0.12754711640906993
2020-04-14,0.049269011248320574,0.048298176425025235,0.0866771798728856
2020-04-15,-0.009169302645199225,-0.010533243674146492,0.02770162075738181
2020-04-16,0.007914416214152599,0.029579056892520633,0.020854428493631533
2020-04-17,-0.01366168931710636,0.008772991273052536,0.011580411041559125
2020-04-20,-0.020975032440720968,-0.02001981523949845,-0.010038465581097729
2020-04-21,-0.031398192338738085,-0.04223667223658458,-0.08328137479063692
2020-04-22,0.028396250282458582,0.03340064995324595,0.06400415510269586
2020-04-23,-0.003882671016306915,-0.012176045119117282,-0.036839791089286145
2020-04-24,0.028460600227847604,0.01809471917093254,0.02728753098899391
2020-04-27,0.0007065303708755486,-0.002869122710594631,0.09666945779957149
2020-04-28,-0.016342256494204132,-0.024661978951782428,-0.037801017814305886
2020-04-29,0.032317485600986066,0.04389558929234696,0.040002020280935593
2020-04-30,0.02087680052269374,0.00998236596821054,-0.023547759980736722
2020-05-01,-0.01623039397050448,-0.026232561552616555,-0.10873700220740792
2020-05-04,0.01404956325683367,0.024165777905296178,0.0819187203405193
2020-05-05,0.014897485770925537,0.010678819377021035,0.009180180665024101
2020-05-06,0.010264375297694979,0.00979892300406554,0.018533023597782732
2020-05-07,0.010291598929585342,0.005790478517814001,-0.003250973870209664
2020-05-08,0.02352295944888912,0.005864654876983185,0.04925154604829151
2020-05-11,0.015612831009153717,0.01109273647805785,-0.009971196406895207
2020-05-12,-0.01149410842227591,-0.02291209078361521,-0.0023199593370761967
2020-05-13,-0.012147801473378043,-0.015237834821983622,-0.02305818093053759
2020-05-14,0.006124952252449665,0.00432975786113135,0.015518160889563192
2020-05-15,-0.005929879666611679,0.014462979162571683,-0.005191880165631997
2020-05-18,0.02328808022152348,0.009509491243306729,0.01793204109959487
2020-05-19,-0.005795357556767344,-0.006946622961202893,-0.0069313094591098995
2020-05-20,0.019261295441466646,0.013775265687894818,0.00930057241369536
2020-05-21,-0.007483315020278991,-0.012083573510080884,0.014654934735012084
2020-05-22,0.006417889981989105,0.0004358537629473598,-0.013037700356063059
2020-05-26,-0.006796318563578492,-0.010627878943499033,0.0024330819473817387
2020-05-27,0.004347216561603295,0.0013210768308009645,0.0016594670418678843
2020-05-28,0.00044001670516909423,-0.0022578377729737236,-0.017736751939729612
2020-05-29,-0.0009742152514951624,0.010146720706219081,0.035583725409644835
2020-06-01,0.012222964754271837,-0.002294484252570584,0.07284966703702293
2020-06-02,0.004618448537607838,0.011312458362438707,-0.018588326218028313
2020-06-03,0.0054900508537676996,0.0024307545136382147,0.0015867839932886055
2020-06-04,-0.008649587413096562,-0.013251019224600974,-0.02126741082055923
2020-06-05,0.028083140390531582,0.02312864409016818,0.024320646383694
2020-06-08,0.005895202154227148,0.0061773174661020475,0.07004464847857836
2020-06-09,0.0310894818054075,0.00761602224926942,-0.00978535494822059
2020-06-10,0.025402225678145814,0.03642030749174488,0.08590431690632504
2020-06-11,-0.04920149990231043,-0.05519401106741277,-0.052277046427824686
2020-06-12,0.008596583095766074,0.007860631545506312,-0.03937370329089697
2020-06-15,0.01229149933636172,0.006371499867461426,0.05776761532071402
2020-06-16,0.026157202330273695,0.024209910662985404,-0.008889888882897297
2020-06-17,-0.0013931908116883477,0.0034552436201552776,0.009787666254598352
2020-06-18,0.000398661891108248,0.01065147060461679,0.012196058432993926
2020-06-19,-0.0057312875187085464,-0.0059774910739467625,-0.003052506049991116
2020-06-22,0.02582741401477299,0.02739486772102668,-0.006595797039905825
2020-06-23,0.021120003770673416,0.006658545725507116,0.007474555771254048
2020-06-24,-0.017809594271999334,-0.020363378445891627,-0.04171541244464825
2020-06-25,0.013188367321454085,0.012557369800617462,0.025817844628587844
2020-06-26,-0.031207717188090206,-0.02021891777429997,-0.02697370050614223
2020-06-29,0.022785085995518598,0.010689803379057186,0.05039944763683731
2020-06-30,0.008313009232852666,0.025228503189964935,0.06747855280845434
2020-07-01,-0.0018932619908664493,0.005830232030971233,0.036213124954005624
2020-07-02,0.0,0.007592150202332013,0.07651403502187115
2020-07-06,0.026398487310532324,0.021297620966884114,0.12645108117682743
2020-07-07,-0.003107748523192409,-0.011695977152875797,0.01323965619758905
2020-07-08,0.023023295970823286,0.021754505622332335,-0.017404076436543313
2020-07-09,0.00429089765577431,0.006976468194954988,0.02057924378039391
2020-07-10,0.0017477239930585818,-0.003037591481406192,0.10241918272489342
2020-07-13,-0.0046237832699468125,-0.031375591205344215,-0.03129417979716158
2020-07-14,0.01641291209649903,0.0061623898032332,0.013099686323903579
2020-07-15,0.006853757301592928,-0.0014891272400635403,0.019074500672006712
2020-07-16,-0.012381112198645124,-0.0200025302371266,-0.02978572748503654
2020-07-17,-0.002022316045186436,-0.0051129688188457,0.0001332960594379358
2020-07-20,0.020854978305142886,0.04208289183624477,0.09049888548491702
2020-07-21,-0.013897922714883468,-0.013560381385124597,-0.046493332015906566
2020-07-22,0.0028054067119847085,0.014268865975215296,0.01516786071044045
2020-07-23,-0.0465848869894157,-0.04446896617704926,-0.05105769412846362
2020-07-24,-0.00248035165167672,-0.0061409222681031725,-0.06559870288489461
2020-07-27,0.02342379393112475,0.012588059846629506,0.08298067038819532
2020-07-28,-0.016563966673187543,-0.009017694038280734,-0.04185494718429495
2020-07-29,0.01898688092816843,0.010047367897816987,0.01520390470417965
2020-07-30,0.012027615536500518,-0.0007844509032229748,-0.00778145458192838
2020-07-31,0.09956347096621264,0.005429052406417395,-0.038884339639871014
2020-08-03,0.024885469882025297,0.05471660373299393,0.03720897247565101
2020-08-04,0.0066559181168985414,-0.015122546936224189,0.0013458747004375454
2020-08-05,0.0036180334437855293,-0.0016423618399252049,-0.0013323884879126878
2020-08-06,0.03429450151897292,0.01588708955090023,0.0030659693985973365
2020-08-07,-0.022998186708260766,-0.018049571049231352,-0.025063424630081314
2020-08-10,0.014429960654670965,-0.020108591286790625,-0.023781465364230175
2020-08-11,-0.030190817900326752,-0.02366314223841018,-0.03163934754750358
2020-08-12,0.03269413581490789,0.028166877541090853,0.12331118921207428
2020-08-13,0.017542491419224482,-0.002345271834685545,0.04172205380429948
2020-08-14,-0.0008914543103465757,0.0009579855403788489,0.018162259872136134
2020-08-17,-0.002614342799384502,0.006584115559985728,0.10618769683979797
2020-08-18,0.00829818684196252,0.005737891197245796,0.02764276800974182
2020-08-19,0.0012539622038946008,-0.006085173873822064,-0.0045463782503080055
2020-08-20,0.021947273848345963,0.023004497616513766,0.0635722137952821
2020-08-21,0.05024842334898728,-0.007296669501486136,0.023768211540485355
2020-08-24,0.011889407086546922,0.0031403213200366436,-0.017607920006301417
2020-08-25,-0.008237729620461258,0.012925672442977421,0.004527486632740915
2020-08-26,0.013507411416935866,0.02138901321038771,0.0621915738853809
2020-08-27,-0.012026427431343679,0.02425716041996595,0.03897652873348478
2020-08-28,-0.0016210681590955991,0.010230880928368432,-0.01138789608941323
2020-08-31,0.033349788070741314,-0.014875830705162721,0.11839534141276628
2020-09-01,0.03905980196356373,0.007685647645173799,-0.04782238606695396
2020-09-02,-0.020936387079056817,0.01908881296947203,-0.060034084286439256
2020-09-03,-0.08344761464860007,-0.06394885606097475,-0.0945727929773044
2020-09-04,0.0006616412029529079,-0.014135110246029918,0.02743348445504921
2020-09-08,-0.06966624230184322,-0.05561403733832915,-0.23651789445767657
2020-09-09,0.0391116938342436,0.04170192767104333,0.10366923114657202
2020-09-10,-0.0331906542187945,-0.028418445805955764,0.013720031040026988
2020-09-11,-0.013215734503586258,-0.006546058508640822,0.003709375196707332
2020-09-14,0.02955874433950468,0.0067409582135195606,0.11852211424147725
2020-09-15,0.0015591417439137407,0.016273105034904176,0.06936453038904387
2020-09-16,-0.029957771913758646,-0.018027246516608125,-0.017947393738460667
2020-09-17,-0.016092630423854185,-0.010491433927280068,-0.04237854336559032
2020-09-18,-0.032233952220022274,-0.01249706754051715,0.04326101937694436
2020-09-21,0.02987509782188223,0.010671904719028805,0.016241895082045352
2020-09-22,0.01559337290512049,0.023808286359460987,-0.05761528541471742
2020-09-23,-0.042851156706953324,-0.03348267259678158,-0.10915761260898606
2020-09-24,0.010216354198405156,0.012878625310599376,0.019345803747202597
2020-09-25,0.036829401374470605,0.02253072589966528,0.0491842305281949
2020-09-28,0.023588602614536592,0.007765109649860869,0.033459528236176775
2020-09-29,-0.0075963866552030395,-0.010463361512886783,-0.005069748902601041
2020-09-30,0.01496296167295621,0.01470379604859238,0.023442192423042928
2020-10-01,0.008426773780568898,0.01007617525797223,0.043670173422939704
2020-10-02,-0.032812601626553445,-0.02995580353215968,-0.07665503512528221
2020-10-05,0.030326392084997322,0.020117331691106185,0.025192518630920653
2020-10-06,-0.029088404731740986,-0.021476251471532124,-0.02787018407731412
2020-10-07,0.01682467023348954,0.01885840104453022,0.026977120398229415
2020-10-08,-0.0009562532819131919,0.003567871808071208,0.0014567215247855486
2020-10-09,0.017246196085740833,0.024532793539108075,0.018793074176697643
2020-10-12,0.0615845219554944,0.025572741860855883,0.018943822515122916
2020-10-13,-0.02688530007068254,0.006572682832553985,0.009786884708723409
2020-10-14,0.0007427287363657187,-0.009014702547279077,0.032273287618783654
2020-10-15,-0.003968412710580094,-0.005448204728389562,-0.02729299577407529
2020-10-16,-0.01409946433409155,0.0,-0.020731092265373598
2020-10-19,-0.025873736199242443,-0.025077458486693002,-0.020310891071385614
2020-10-20,0.013105747759605013,0.002005399674195167,-0.020850455371877373
2020-10-21,-0.005461347199442898,0.0006985229939268073,0.0016576578966101716
2020-10-22,-0.009629516812704285,0.00041883508897208203,0.007425427859397711
2020-10-23,-0.00615273071358283,0.0062164859554054855,-0.01219258008931434
2020-10-26,8.681764267007843e-05,-0.028854186348378975,-0.0008324460631960825
2020-10-27,0.013382595623849447,0.01497683205894932,0.010414737676610572
2020-10-28,-0.047419027739642065,-0.05083682205800835,-0.04493353448533056
2020-10-29,0.03638059407618022,0.010014824415397328,0.011777078527549948
2020-10-30,-0.05764823424921615,-0.0110514580783773,-0.05707106115006527
2020-11-02,-0.0008273940762937214,-0.0006918708845307768,0.03163027338080621
2020-11-03,0.015237087332282614,0.02006133085711735,0.05675891678442002
2020-11-04,0.04002476943313386,0.0471210751749979,-0.0069123197353376745
2020-11-05,0.03487842177118188,0.03138905287385126,0.03983908014025376
2020-11-06,-0.0011367133367478097,0.001924018681163842,-0.018755444602258167
2020-11-09,-0.02017016087000879,-0.024112931697003133,-0.020418708541599162
2020-11-10,-0.003013235325238493,-0.034377235333957874,-0.026215382510501505
2020-11-11,0.029900934256377666,0.02591627382428252,0.016363110813065698
2020-11-12,-0.002346077868507603,-0.005139102361174722,-0.012957330573612593
2020-11-13,0.0004194943614985089,0.004954082210461859,-0.007948653293047676
2020-11-16,0.008682639373159938,0.0033201341132091454,-0.0010042223136041864
2020-11-17,-0.00759327626074987,-0.012833363279882973,0.07893944622909929
2020-11-18,-0.011456591605230548,-0.013271545352622862,0.09709745318946535
2020-11-19,0.005154962920089693,0.00632837400383681,0.025622441945055478
2020-11-20,-0.011018261640250082,-0.00960259951853869,-0.019537882465358328
2020-11-23,-0.030193709506149424,-0.001331631807099204,0.06377098448424992
2020-11-24,0.011527474371281494,0.017690281143660728,0.0622723727366544
2020-11-25,0.0074394917209673435,4.65787238088455e-05,0.03297682427747412
2020-11-27,0.00481466683843847,0.0063389437547525474,0.02028074420821668
2020-11-30,0.0208800840283876,-0.005403878500034175,-0.031493184788437205
2020-12-01,0.03036181987954321,0.009947006930255669,0.029784568093447848
2020-12-02,0.002929129673010098,-0.0038927076029464536,-0.027637417933142765
2020-12-03,-0.0011382320370031485,-0.0052606308308202916,0.04227093212295036
2020-12-04,-0.005628084933008238,0.0005600412717540437,0.009493325730045684
2020-12-07,0.012195297984036476,-0.0003266154348728584,0.068886056292822
2020-12-08,0.005077991887576036,0.007994475551709134,0.012573321033348567
2020-12-09,-0.021125257909643945,-0.019682387130070776,-0.07241913725041024
2020-12-10,0.011917428059663842,-0.006061642237288488,0.03668958724599977
2020-12-11,-0.006757630687958693,0.012931352150112154,-0.027615591895456065
2020-12-14,-0.005159797371705072,0.004398025683884773,0.04775997018342951
2020-12-15,0.04887607842328368,-0.0003267850457386107,-0.010337277993335172
2020-12-16,-0.0005475310356554962,0.023765842971539185,-0.01668801318404443
2020-12-17,0.006939326946647197,0.0006385570513877041,0.05183107739238684
2020-12-18,-0.015977842648819574,-0.003790150020661221,0.05790353852575283
2020-12-21,0.012319152892705475,0.018133849121952976,-0.06715493498509616
2020-12-22,0.028066794965484636,0.0060468151903219245,-0.01475762913420309
2020-12-23,-0.00700023395828756,-0.013125014170719823,0.00876920991536227
2020-12-24,0.007682643482558803,0.007796995121629941,0.024149533626973363
2020-12-28,0.035141259532495604,0.009872538095108532,0.002897106734780491
2020-12-29,-0.013404757713440336,-0.003607324722463191,0.0034595328945029335
2020-12-30,-0.008563056000795205,-0.011080588583522009,0.042320582323576904
2020-12-31,-0.007732643290694659,0.003332694715129447,0.015552413007484785
2021-01-04,-0.02502952288753865,-0.021495610585769105,0.03358173995604568
2021-01-05,0.012287581216517643,0.0009643083379584791,0.007290726849836652
2021-01-06,-0.03424089193984207,-0.026271586347344316,0.027994766442436515
2021-01-07,0.03355359993781052,0.02805979361141768,0.07644846869014829
2021-01-08,0.008594692701195266,0.006074123953529302,0.07548123816080572
2021-01-11,-0.02352344347256844,-0.009745708826635295,-0.08144231364811663
2021-01-12,-0.0013966523945115432,-0.011840222655298093,0.046075003355075396
2021-01-13,0.01609630071105038,0.006538548101082171,0.00583390055163722
2021-01-14,-0.015242447582479765,-0.015464905597595453,-0.011074621019438693
2021-01-15,-0.013825808140465624,-0.00173864267723152,-0.02254816438492574
2021-01-19,0.005412512111908855,0.01766581536427297,0.022015499815695363
2021-01-20,0.032327918707631756,0.03584928114481124,0.0069617088412489295
2021-01-21,0.036002304463636434,0.0028043052413188737,-0.006440854103183004
2021-01-22,0.0159460173599429,0.004346790974728817,0.0019507385857469443
2021-01-25,0.02730744418451653,0.01572003920621125,0.039555086200732434
2021-01-26,0.001678097421454985,0.012124941270884248,0.002596544878530684
2021-01-27,-0.0077135809966455615,0.0024500954081284145,-0.021669174678462418
2021-01-28,-0.03561202240633304,0.025561692323395342,-0.033811459334112025
2021-01-29,-0.03813875465362526,-0.029605534141447825,-0.051455133708131096
2021-02-01,0.01638511095591024,0.03261446047512273,0.05668432585298431
2021-02-02,0.006317014598337358,-0.0005843049267911335,0.03851924269165984
2021-02-03,-0.007809188280552966,0.014466157208042126,-0.020956118951172036
2021-02-04,0.025431774774413215,-0.004082212806799447,-0.005514295631595512
2021-02-05,-0.0031026431418554904,0.000784663196821941,0.002631883215661463
2021-02-08,0.0010961231383952532,0.0011141522346381294,0.013044842106937113
2021-02-09,-0.006595294617250708,0.005347261179883117,-0.016300455142510474
2021-02-10,-0.004568944444355319,-0.0039047205715603064,-0.053982110546516617
2021-02-11,-0.0019223100782231309,0.006853927836296713,0.008462878423046197
2021-02-12,0.0017745355855325667,0.0020430112567205853,0.005479859012751231
2021-02-16,-0.016235176631318363,-0.005279554081208994,-0.024685864957400563
2021-02-17,-0.017801399520113854,0.004350293385762184,0.002420934399335105
2021-02-18,-0.008673843993244121,-0.0016804188733351522,-0.01358555824881115
2021-02-19,0.0012325092335714017,-0.011634841918069443,-0.007751801260508434
2021-02-22,-0.030251864638560676,-0.02717410558035942,-0.08937612559287707
2021-02-23,-0.0011118596877051099,-0.0053019041702524064,-0.022161184525391956
2021-02-24,-0.004060203218217734,0.005472429021408167,0.059954347975619854
2021-02-25,-0.03540191973229778,-0.023990485466275278,-0.08402401628244044
2021-02-26,0.002228963500075459,0.014695592935886112,-0.009898985904473094
2021-03-01,0.052451173059709116,0.01943306411716832,0.061615106636751404
2021-03-02,-0.021114913737156977,-0.013041532157981539,-0.04554943930628858
2021-03-03,-0.02476045795355269,-0.02735155106050385,-0.049635467535242055
2021-03-04,-0.015938325222455682,-0.003654048684303314,-0.0498440101928223
2021-03-05,0.010681057653064832,0.021251839933334852,-0.038532236280416896
2021-03-08,-0.042566609826798746,-0.018344946546749372,-0.06022747806878108
2021-03-09,0.039845068653178085,0.027713715580221652,0.17932714140524914
2021-03-10,-0.00920897461211899,-0.005834316575653567,-0.008228833280182578
2021-03-11,0.016368136937185834,0.020062524071521218,0.046130766690605556
2021-03-12,-0.007654602355593136,-0.00583670863763824,-0.008425900400429927
2021-03-15,0.024162397603409536,-0.003995478068033905,0.02027649657712319
2021-03-16,0.01266249212458329,0.012275001619584775,-0.04486533694757759
2021-03-17,-0.00647157596667522,-0.0028227802360010906,0.03616869761350537
2021-03-18,-0.03449315737682991,-0.02702380550814109,-0.07184055905976212
2021-03-19,-0.004490062285598359,-0.0016049137371407333,0.002614584056873359
2021-03-22,0.027941592267238684,0.02418951475696244,0.02284097771296026
2021-03-23,-0.006912625727634459,0.0067148927826357575,-0.011770465503008509
2021-03-24,-0.020196129822559868,-0.00896338291770406,-0.049358942535190804
2021-03-25,0.004154980209058495,-0.0133392061190723,0.015929083234572167
2021-03-26,0.005128190284692265,0.01766183590243386,-0.03444071328935919
2021-03-29,0.0014838960893570818,-0.005257417769269095,-0.012065159218404021
2021-03-30,-0.012350396099313526,-0.014515486765211846,0.03902942452340498
2021-03-31,0.01859180017146889,0.016765942486953022,0.049582426993429185
2021-04-01,0.006934619631838837,0.0275262176397287,-0.009295525767170772
2021-04-05,0.0233033772264742,0.02735102776194799,0.043324388497766333
2021-04-06,0.0024593260167376342,-0.004869866505567906,0.0008244361718844317
2021-04-07,0.013301497556619066,0.008196651198476068,-0.03031223705748461
2021-04-08,0.019051185515357314,0.013316301368147999,0.018941076007001657
2021-04-09,0.020049228043261702,0.01021445353339839,-0.009964638245883606
2021-04-12,-0.013321727745673369,0.00023428965255993064,0.03620406408291566
2021-04-13,0.02401616601135564,0.010031244233311405,0.0824615371588127
2021-04-14,-0.018014418211699454,-0.01128244002890092,-0.04027179907894106
2021-04-15,0.018535090175724068,0.015182100163822838,0.009000306677510112
2021-04-16,-0.0025312211675790107,0.0047670236191902,0.001257911412789418
2021-04-19,0.005055702877549833,-0.007700021829801426,-0.034587909254449344
2021-04-20,-0.012913042076392515,-0.001856858813592689,0.006082481415169929
2021-04-21,0.0029259303398350344,0.00894328065484047,0.03435484924604316
2021-04-22,-0.011754135044634113,-0.013172739952152535,-0.03338171795091616
2021-04-23,0.0178774294906963,0.015357544381990072,0.01340170287553056
2021-04-26,0.002973455513510402,0.0015303764583547317,0.011992516455123831
2021-04-27,-0.0024524738033660106,0.001604706412958705,-0.046385859854230806
2021-04-28,-0.006045385616725443,-0.028693490420302045,-0.014780794025162398
2021-04-29,-0.0007491093604684648,-0.00808560749347904,-0.02537683713134589
2021-04-30,-0.015248417284788403,-0.001307715936145308,0.04680461290993818
2021-05-03,0.008181587180390708,-0.0012698401584915605,-0.035203052789871056
2021-05-04,-0.03602684080999742,-0.016291842849902153,-0.016636360929421768
2021-05-05,0.0019536363252950096,-0.005341194890780825,-0.003956776807325929
2021-05-06,0.012721102993065475,0.013140219127532922,-0.011090612633393284
2021-05-07,0.005313073804739285,0.010872424078723122,0.013219694470214068
2021-05-10,-0.02614311811382072,-0.02113616366834718,-0.0666139869184463
2021-05-11,-0.007437946705331328,-0.0038506666283931513,-0.019001672485714622
2021-05-12,-0.025254588930230637,-0.029802532256435494,-0.04525703659502094
2021-05-13,0.017760841765916465,0.016721447498228466,-0.03133918628539079
2021-05-14,0.019650462779941976,0.020848329325378636,0.031084853734470938
2021-05-17,-0.009301606504503457,-0.012040604470356908,-0.02213414578006038
2021-05-18,-0.011309444982791525,-0.008602159596945942,0.0018013224952045325
2021-05-19,-0.0012824310359278476,0.0024709972403774093,-0.025252562795766022
2021-05-20,0.020794608635488963,0.0137257155922997,0.040553601408475165
2021-05-21,-0.014877461761916101,-0.005328975209684929,-0.010105809239520404
2021-05-24,0.013226268252182106,0.02262418795663195,0.04306162202970284
2021-05-25,-0.0015746140522393975,0.0037412945486908723,-0.002889839951081735
2021-05-26,-0.00039408746058895033,-0.0009141244840158712,0.023599290742317446
2021-05-27,-0.012454040143031314,-0.008706228434431858,0.018752900206065452
2021-05-28,-0.0053624434973612925,0.0014831590057316636,-0.008964584890580655
2021-06-01,-0.0026517422299613957,-0.009173735582861423,-0.002113500469111133
2021-06-02,0.006256618587328713,-0.0004041513148508894,-0.030563287475861584
2021-06-03,-0.012228808463386642,-0.006450250474222889,-0.05482031154624073
2021-06-04,0.01884371267698356,0.020463828715642,0.04473860632554938
2021-06-07,7.938133249647735e-05,0.011970062239080875,0.01009827208586457
2021-06-08,0.006649769922282021,-0.004897497349979667,-0.0025481655598922595
2021-06-09,0.003072419338578216,0.0040305064704910555,-0.008000903407653626
2021-06-10,-0.008055643121063223,0.014290412931593771,0.018761400839628444
2021-06-11,0.00978480168371647,0.002523877109671798,-0.00037708912038201647
2021-06-14,0.024280596388718764,0.007725398894145561,0.012708130416930218
2021-06-15,-0.006458729284640607,-0.0059049146579996485,-0.03012429716067012
2021-06-16,0.003926374051678298,-0.0038001056941470153,0.009151155788618984
2021-06-17,0.012522125299727857,0.013583612556628356,0.0192069740346885
2021-06-18,-0.010143025582518367,-0.005650065358614762,0.010823457790849946
2021-06-21,0.014005291142816956,0.012259042268753866,-0.003986737073227453
2021-06-22,0.01261852028653732,0.010906306561581904,0.004628256702323365
2021-06-23,-0.002091904294578775,-0.0009041849490880868,0.0513438209840323
2021-06-24,-0.0021715481733258937,0.005338468441628333,0.03479874196476401
2021-06-25,-0.002251232368026586,-0.006281484778961519,-0.011763228305736263
2021-06-28,0.012468183474057955,0.013864688473079716,0.024769941961746585
2021-06-29,0.011434446284867764,0.009923870055828985,-0.011624991064810086
2021-06-30,0.004610572406102205,-0.0018441472466967136,-0.0015582931945794674
2021-07-01,0.0022609381125667915,0.002580668027039827,-0.0026222581937176714
2021-07-02,0.01940663769484519,0.022030990301325624,0.001444593124038416
2021-07-06,0.014611468458949662,3.588397955551647e-05,-0.02887058319813403
2021-07-07,0.017795761668134267,0.008142220060970862,-0.022895747206025715
2021-07-08,-0.009242333211931958,-0.00900676496145511,0.012578594031283601
2021-07-09,0.012970836708357561,0.001872769606502897,0.006321812249023811
2021-07-12,-0.004212727200353592,-0.0022334652691329442,0.042832279170544864
2021-07-13,0.007858334140319173,0.013111468900430712,-0.02534398967789309
2021-07-14,0.023814571412309065,0.005430608159794201,-0.022937323111711275
2021-07-15,-0.004502143936015975,-0.005252762620829113,-0.004263873629526309
2021-07-16,-0.014175866939889375,-0.0009965686873366617,-0.009854715165981515
2021-07-19,-0.027283515695957963,-0.013411237267613847,0.003099673103658058
2021-07-20,0.02564256958828101,0.008304620045349832,0.021857165705963834
2021-07-21,-0.005145125575769141,0.00741916286191564,-0.007919294852611359
2021-07-22,0.009582949531849634,0.016703915701907643,-0.00924460786068585
2021-07-23,0.01191793017693723,0.012261301029019001,-0.009097683584931696
2021-07-26,0.002889821772117147,-0.002142815862175461,0.02189168871378688
2021-07-27,-0.015012217078207076,-0.008721453611807642,-0.019718078031379663
2021-07-28,-0.012271045042349991,-0.001117735129628323,0.0034062276545409947
2021-07-29,0.0045420717866954076,0.0009781972942161904,0.04587275846182953
2021-07-30,0.0015091292612527574,-0.005565242030596688,0.014437208664382839
2021-08-02,-0.0023333297759810323,-0.00031611836322794306,0.032174725947111446
2021-08-03,0.012564827958538475,0.008043116988481086,9.862134908680057e-05
2021-08-04,-0.00278612860192216,-0.0021270918067513244,0.001661168327351945
2021-08-05,0.000748122706584453,0.010450774323292117,0.005205072568156722
2021-08-06,-0.004778151461266471,-0.00020704983382015016,-0.02197113034608947
2021-08-09,-0.000342324456921032,-0.0039114098864678586,0.020752939609055845
2021-08-10,-0.0033598803339420177,-0.006576433433819534,-0.005295892009324611
2021-08-11,0.0017841906197547104,0.0017787966693620675,-0.003061037245157465
2021-08-12,0.02056061929653151,0.00991741956134791,0.020181504916966016
2021-08-13,0.0014094895932126833,0.010435216361683524,-0.007058409103322423
2021-08-16,0.013456926460263223,0.005957750451695934,-0.044187544712866594
2021-08-17,-0.006173118248257566,-0.005172950361593739,-0.030271235169467253
2021-08-18,-0.025831834155708524,-0.006137532311618024,0.03437259258571844
2021-08-19,0.0023203196873215625,0.0205618049809467,-0.022783267048393733
2021-08-20,0.010105588274225051,0.025253974302432612,0.010031571629142373
2021-08-23,0.010204989674897818,0.0009523677019052986,0.03756503320848816
2021-08-24,-0.0006015266855156665,-0.006685595322190408,0.0030958501857260845
2021-08-25,-0.008457062358675495,-0.0020176345530498615,0.003817748987326931
2021-08-26,-0.005542267429033832,-0.009715776577232032,-0.014217568331421201
2021-08-27,0.007158895434413716,0.0021043066068013178,0.015229452832627464
2021-08-30,0.02996351677605227,0.012829264733898938,0.026324794631828158
2021-08-31,-0.00846020485879294,-0.005648666905471466,0.006559274920001271
2021-09-01,0.004468644569507582,-0.00016534979650650378,-0.0022179812627514755
2021-09-02,0.007447218751485178,-0.0022554089166903976,-0.00231847373209337
2021-09-03,0.00422153125983502,-3.35475521597441e-05,0.0016098361025145228
2021-09-07,0.01537056590822205,-0.003193004463610246,0.026035942688487673
2021-09-08,-0.010134900061748811,0.00010001168921321299,0.0012609548743898497
2021-09-09,-0.006727757492118834,-0.00990876670091243,0.001312369553312357
2021-09-10,-0.03366183739393833,-0.0051941088117855435,-0.024935356375548032
2021-09-13,0.003885854182495382,0.0043192230597754264,0.009099139444443169
2021-09-14,-0.009608294511262763,0.009383845452579257,0.002003341828722264
2021-09-15,0.006125108128875645,0.01663908192393531,0.015117058319369686
2021-09-16,-0.0016118548730758597,0.0013114607554037135,0.0015335851645735571
2021-09-17,-0.018518071786565747,-0.01768394271037721,0.0032970919669145526
2021-09-20,-0.021592822896496253,-0.018749165064181218,-0.03936976129858423
2021-09-21,0.0034219712696309367,0.0016974089269638094,0.012534643183807646
2021-09-22,0.016732111991288448,0.012740692953063413,0.01684451236014587
2021-09-23,0.0066964080991500224,0.003276799245206408,0.002258262820491851
2021-09-24,0.0006128468148186416,-0.0007012830297455857,0.027160841972020323
2021-09-27,-0.010606240981895693,-0.017455780647800238,0.021677401377557137
2021-09-28,-0.024088997001009086,-0.03687482344854698,-0.017592195347548873
2021-09-29,0.00646215478096225,0.001691416941438661,0.0048111864344248965
2021-09-30,-0.00935529754941527,-0.0073507119414009964,-0.0074897880450971975
2021-10-01,0.008094206425373788,0.02514906752789504,-0.0003353450129375683
2021-10-04,-0.024913417864467827,-0.020936916973437872,0.008106673348889787
2021-10-05,0.014059005823232327,0.01976035495016205,-0.0012035741082394261
2021-10-06,0.006287325798529288,0.014951889885995993,0.002763320999873195
2021-10-07,0.009043335181340645,0.005918694474552729,0.01377889392912291
2021-10-08,-0.0027253508664518873,0.0,-0.010284539562274665
2021-10-11,-0.0006299833234905462,-0.002104872098380169,0.008177997401230774
2021-10-12,-0.009144712736678077,-0.004598772220006395,0.01725061613832015
2021-10-13,-0.004248931401886368,0.011643240804812001,0.006630349593761303
2021-10-14,0.02002357300781811,0.02150127732362318,0.008886865672994949
2021-10-15,0.007484673715782471,0.004811010361606935,0.02974907491710917
2021-10-18,0.011737243823309738,0.010073526049573778,0.03161711443997285
2021-10-19,0.014967436237894453,0.0030542029083679657,-0.006734486474692475
2021-10-20,0.003355587397218292,-0.002663778291139934,0.0017687488821671587
2021-10-21,0.001472652232568861,0.01083845791002244,0.03205181901693134
2021-10-22,-0.005298852382145262,-0.0051619415911701725,0.017387072543931938
2021-10-25,-0.00033634765008188044,-0.0033371642690873905,0.11921843486746743
2021-10-26,0.00456464254713286,0.006405091366780601,-0.0062938149592970775
2021-10-27,-0.003152993808358886,0.04125165455623783,0.018898727534898532
2021-10-28,0.02468443194448407,0.0036447349189084196,0.03705562944417333
2021-10-29,-0.018322155366726513,0.022166366094623233,0.03374062327713504
2021-11-01,-0.005623546193430193,-0.006807850902900479,0.08149724419582528
2021-11-02,0.007090685418950176,0.011351164188572106,-0.03074274797958024
2021-11-03,0.009751008622920457,0.0026079102548157607,0.03509368755165895
2021-11-04,-0.0035045008975696356,0.007279031163857816,0.01313564628546233
2021-11-05,0.0035758325954581838,-0.001129942079897315,-0.006378469186125081
2021-11-08,-0.005568118017789637,0.002763119142769449,-0.04961124617557858
2021-11-09,0.0024564435886269428,-0.0030905577052517284,-0.12772318728902385
2021-11-10,-0.019349062942960876,-0.015448345211425154,0.04251283809069096
2021-11-11,-0.0003381332934246972,0.004915011124742297,-0.004166195376866496
2021-11-12,0.014234862434519735,0.01282277946188793,-0.028701065279561472
2021-11-15,6.695015833503782e-05,-0.0019325105601815727,-0.01957254315692035
2021-11-16,0.006644599171807755,0.01018423789981191,0.03998366090579434
2021-11-17,0.016355546174982815,0.0006781093839871091,0.031984216103858806
2021-11-18,0.028136391305235393,0.006320005845222237,0.006744812791821567
2021-11-19,0.01683351862680512,0.005376982353987665,0.03643213445735007
2021-11-22,0.002923369425218227,-0.009605413056500083,0.017272096909531555
2021-11-23,0.0024190835514364233,-0.006346777681318813,-0.04223229344871564
2021-11-24,0.003278317995974103,0.0006810998706260769,0.006265105659810634
2021-11-26,-0.03219139579429734,-0.024657175901847413,-0.031013582803841335
2021-11-29,0.021638005521801944,0.02086198861637799,0.04964715675134432
2021-11-30,0.031089309089441027,-0.01810568595645991,0.006810578672784683
2021-12-01,-0.003211574168401564,-0.0015439725087096428,-0.044440653310942796
2021-12-02,-0.006148359659265715,-0.0017889684885439583,-0.009543130353379798
2021-12-03,-0.011794175271900818,-0.01986258146767722,-0.0663521763056877
2021-12-06,0.021275132672381614,0.009796487707260397,-0.005889394805839068
2021-12-07,0.03483258796714583,0.026411673077171103,0.04148581070093519
2021-12-08,0.02252747832853457,0.00014959178694416743,0.016230761245708623
2021-12-09,-0.002974640345934897,-0.00559834810579503,-0.06289341727027524
2021-12-10,0.02762809409012757,0.02794552948375764,0.013093827482800639
2021-12-13,-0.02089096413811068,-0.009208960274850344,-0.05105377592462954
2021-12-14,-0.00805552806915981,-0.03312987574205379,-0.00820817327099987
2021-12-15,0.028110291548464273,0.019035580621546682,0.018072325435531507
2021-12-16,-0.04005565694115619,-0.029567851827142843,-0.051585055672323236
2021-12-17,-0.00652266658664968,-0.0033913132085728525,0.006076947341899706
2021-12-20,-0.008155356761060684,-0.012086185240829862,-0.03561605979548491
2021-12-21,0.018907075618604628,0.02280705261410872,0.04198665654283043
2021-12-22,0.01520274073771328,0.01789606004182019,0.07227140942458773
2021-12-23,0.0036369418986334635,0.004462009389420502,0.05602002567418564
2021-12-27,0.022714931526364952,0.022920800196601747,0.02493491640225309
2021-12-28,-0.0057836709061719754,-0.003510383110203096,-0.0050128185500082694
2021-12-29,0.0005016235918873156,0.0020494133458049068,-0.002096907250306926
2021-12-30,-0.006599880363142313,-0.00772107433376322,-0.014699782732613053
2021-12-31,-0.003541656872636982,-0.008880652635143546,-0.012749774874751605
2022-01-03,0.024696669246018453,-0.0046792281803523395,0.1269116289226746
2022-01-04,-0.012772575263597217,-0.017295496866029225,-0.04273287830059682
2022-01-05,-0.026960261600445103,-0.03914413858630931,-0.054953895352910696
2022-01-06,-0.01683397889258669,-0.007933487577105883,-0.021758379841487693
2022-01-07,0.000987611443106087,0.0005096826726604392,-0.03609004895021842
2022-01-10,0.00011628529360068935,0.0007321511573112176,0.029890740749494566
2022-01-11,0.016644571746131338,0.0022566734388546365,0.005917481776156395
2022-01-12,0.00256684444547395,0.010390895224990798,0.03853754612843837
2022-01-13,-0.019211416191605393,-0.04324405178005887,-0.06987655465675016
2022-01-14,0.005097715843741888,0.01756130235289345,0.017346435457551865
2022-01-18,-0.019074739913575004,-0.024640401159193345,-0.018364847454341894
2022-01-19,-0.021249258065414448,0.0022444230128839354,-0.03441330009854252
2022-01-20,-0.01040095138953644,-0.005719785337879468,0.000622510083264904
2022-01-21,-0.012847275092672385,-0.01864084847149367,-0.0539980722931419
2022-01-24,-0.004876171766131907,0.0011479364128197667,-0.014835635717323473
2022-01-25,-0.011450208267179851,-0.026948207148710223,-0.012551567227813773
2022-01-26,-0.0005630768196076314,0.028094614230825952,0.02048773822340817
2022-01-27,-0.002947459164922999,0.010493873150310945,-0.12277997465910719
2022-01-28,0.06745052723921079,0.02769483990621227,0.02059221036289143
2022-01-31,0.025790482587558956,0.008784990107428383,0.10145138741776683
2022-02-01,-0.0009733025436984747,-0.0071645813369890475,-0.005856643341232021
2022-02-02,0.007019732826198101,0.015107717452199312,-0.02786380690498876
2022-02-03,-0.01686131366985299,-0.03973151261362256,-0.01616240587443527
2022-02-04,-0.0016807074046257266,0.01544868993169144,0.035474386816493036
2022-02-07,-0.004243653357371935,-0.01644481982716167,-0.017458706575610557
2022-02-08,0.01829826615761676,0.011924063238825467,0.016028052271245364
2022-02-09,0.008259640571958377,0.0215994910566523,0.010787525285489406
2022-02-10,-0.023881515275658342,-0.028783186337261825,-0.0298952129692807
2022-02-11,-0.020425655558609278,-0.02457353105320245,-0.050505215210130634
2022-02-14,0.0014219832816600268,-0.00013586882293246995,0.018159773032297852
2022-02-15,0.02288852496052406,0.018372820603729648,0.05191932445845771
2022-02-16,-0.0013898737190964885,-0.0011680755044104713,0.0010402120327626255
2022-02-17,-0.021498651241427583,-0.029718993688399534,-0.05228610180162916
2022-02-18,-0.009399737251552128,-0.009678030391567827,-0.022350967561475237
2022-02-22,-0.017972742812668887,-0.0007296339489366337,-0.04224617718140919
2022-02-23,-0.026204676379438196,-0.026234219150334706,-0.07254830168258311
2022-02-24,0.01654254002928877,0.04983100819346396,0.04695367409397792
2022-02-25,0.012882272902935935,0.009190893950860965,0.011299945777284081
2022-02-28,0.0016363228542097036,0.004965465134455733,0.07211363413565586
2022-03-01,-0.011696000926789428,-0.012935027761718829,-0.006986492144572377
2022-03-02,0.020379211837473345,0.01760980292119942,0.01779600470296842
2022-03-03,-0.0019831694999718225,-0.014326291958719874,-0.04724057511561311
2022-03-04,-0.01857965994461727,-0.020691344166133996,-0.0011922300504741562
2022-03-07,-0.024003559844318796,-0.038508714387862325,-0.04104369101185902
2022-03-08,-0.011744709582057356,-0.011031927684364748,0.024335419149005895
2022-03-09,0.03439882952464469,0.044837963188185025,0.04107819387010212
2022-03-10,-0.027562696160884442,-0.010137980092122953,-0.024358017786858904
2022-03-11,-0.02419908100094608,-0.019517610342500994,-0.05259370365966602
2022-03-14,-0.026921365631994525,-0.013045857803836757,-0.03711720154932235
2022-03-15,0.029245395768550404,0.03801093691769279,0.04530634609366675
2022-03-16,0.02860241364863238,0.024900636748009224,0.046704219074345354
2022-03-17,0.006433446933543506,0.0028154072529261807,0.03665493442277862
2022-03-18,0.020702999221437795,0.01749398266674454,0.03803519751155836
2022-03-21,0.00850151751958478,-0.004236162156808543,0.017268009913468576
2022-03-22,0.02058716555796817,0.01624619812043667,0.0760832835953988
2022-03-23,0.008200046397975322,-0.015143892193522987,0.005147863044765912
2022-03-24,0.02242444897957176,0.015275752064745443,0.014714339594958641
2022-03-25,0.0037270634909115133,-0.0013821243124224909,-0.003240181703986614
2022-03-28,0.005024093616337248,0.022853124161343708,0.07728050710253655
2022-03-29,0.018953418126264696,0.015045653060142132,0.007054913567225325
2022-03-30,-0.006671538749694352,-0.004926414192710546,-0.005087674440050588
2022-03-31,-0.017935729764714345,-0.017841129904758866,-0.01509517416561853
2022-04-01,-0.0017194719704632531,0.0035938221247445844,0.006465651918934319
2022-04-04,0.023417077660243108,0.017777692682010106,0.05459557817973847
2022-04-05,-0.01912366176660821,-0.013070435550567213,-0.048464637280470575
2022-04-06,-0.018623151551455927,-0.03729254949967092,-0.042589069768463106
2022-04-07,0.0018024416208006794,0.006224322089970598,0.01093679078037125
2022-04-08,-0.011980493316666114,-0.014707682666554376,-0.030510186068030958
2022-04-11,-0.02584722964891167,-0.04023009889306775,-0.0495349318175134
2022-04-12,0.01145764956942852,-0.011281156085409345,0.01122853693277581
2022-04-13,0.016210535338890695,0.01952043526914488,0.03525937358618689
2022-04-14,-0.030447106741609737,-0.027457783816000503,-0.03723709338922126
2022-04-18,-0.0013316490125924979,0.0024623780486316567,0.01939443951963136
2022-04-19,0.01401624994996991,0.016896676034906247,0.023480261839117743
2022-04-20,-0.0010159642208294824,0.003708292149916929,-0.05082502163771987
2022-04-21,-0.004855486925174903,-0.019571336745576304,0.03180563608534816
2022-04-22,-0.028215454225044293,-0.02444069482476105,-0.003704429607069112
2022-04-25,0.006714519997257601,0.02412024397959385,-0.007019222592886596
2022-04-26,-0.038042543490946296,-0.03812138377179615,-0.1299278575282087
2022-04-27,-0.0014678571983930406,0.046987363040003886,0.005790878918745771
2022-04-28,0.044165610053465976,0.022380445664647336,-0.004548029513557434
2022-04-29,-0.037291424064272945,-0.0427116417057986,-0.007721957937068309
2022-05-02,0.0019643064009055096,0.02473504809831042,0.03628977282780161
2022-05-03,0.009576690471633809,-0.00950115166819223,0.006963974902024329
2022-05-04,0.04018983866029919,0.02868549336228152,0.04659599279666411
2022-05-05,-0.05732857523870766,-0.04453193867147803,-0.08695990905101429
2022-05-06,0.004715982213864426,-0.00949141723331012,-0.00877557365586079
2022-05-09,-0.033752305251377214,-0.03764525689365279,-0.0951126361970946
2022-05-10,0.01598389240593772,0.01842468319181611,0.016293707630266798
2022-05-11,-0.053233791879661964,-0.033773407025563716,-0.08615264955046516
2022-05-12,-0.02726250293203818,-0.020159614498979045,-0.008207980246495447
2022-05-13,0.031417960665970676,0.022344976280727288,0.05555683158900242
2022-05-16,-0.010729680182065323,0.0014540178550463316,-0.06055559591829793
2022-05-17,0.02510474491110537,0.020139935103704352,0.050132289582274676
2022-05-18,-0.058073227676792995,-0.04659839555040094,-0.07043726926027942
2022-05-19,-0.024950165989060413,-0.0037066157223419206,-0.0005496144580126333
2022-05-20,0.0017457996176781206,-0.0022938859636344286,-0.06631616117599509
2022-05-23,0.03933538531574245,0.031529679985538975,0.016432950581559483
2022-05-24,-0.019402998853332357,-0.0039596724043025125,-0.07176955888757142
2022-05-25,0.0011390685020866668,0.011108476001037041,0.04762508488803092
2022-05-26,0.022934860357023735,0.012792904921151422,0.07164265445291097
2022-05-27,0.039947814819531954,0.02723008389564769,0.07076881859385181
2022-05-31,-0.005360673180345645,-0.005026320271024489,-0.001805191767721895
2022-06-01,-0.00087372815744,0.0020209780278808405,-0.023876273341224562
2022-06-02,0.01667173138359435,0.007897523377098458,0.04571303469577831
2022-06-03,-0.0393183686356206,-0.01674675405800603,-0.09672413884722543
2022-06-06,0.005213828435754629,-0.0047141657180184175,0.01591980642197778
2022-06-07,0.017432808816271593,0.013857153383614733,0.002542820180630796
2022-06-08,-0.005055910876061052,-0.007699271570957261,0.012397350726358317
2022-06-09,-0.036618178323762046,-0.02100237152580143,-0.008970671737446728
2022-06-10,-0.0393942200285819,-0.04558697685373469,-0.03168770531986072
2022-06-13,-0.03903743663932685,-0.04333861253497937,-0.07366972655880115
2022-06-14,0.0066507055715692735,0.009162965545071927,0.02360632235719876
2022-06-15,0.019911721750788945,0.029302005090441438,0.0533736162801124
2022-06-16,-0.04045890431723936,-0.02734052328605906,-0.08927688581957352
2022-06-17,0.011467405967792818,0.010880628644507931,0.017029157609637944
2022-06-21,0.03223509554150058,0.024293558803836535,0.08942411634475661
2022-06-22,-0.0038340876936257704,-0.0024068797604235065,-0.004015858661335937
2022-06-23,0.02134404383738998,0.02238423130047399,-0.0043156097521520964
2022-06-24,0.024221455425196988,0.03357963223043476,0.04425503260828766
2022-06-27,0.0,-0.010552475899756834,-0.003206786761701394
2022-06-28,-0.030242342137644127,-0.032263811224729384,-0.05133914578061633
2022-06-29,0.012939914026899084,0.014630482027532817,-0.018100003611393377
2022-06-30,-0.018192224811627154,-0.013266842163888366,-0.017735577471772915
2022-07-01,0.01603526486394135,0.01065046955281219,0.012352524133575366
2022-07-05,0.01875350324735081,0.012518882550732115,0.025215114905161356
2022-07-06,0.009561106350944638,0.012701752833603313,-0.0057372284664808535
2022-07-07,0.023716103287957684,0.008193001757156962,0.05380522947187815
2022-07-08,0.004703455595078674,-0.0027607843616085375,0.025117078284842168
2022-07-11,-0.014867772412916468,-0.011838660007774865,-0.0677223141456021
2022-07-12,0.00681042213106407,-0.04184483594876104,-0.005448427397798375
2022-07-13,-0.0025396846503155123,-0.003752033840143702,0.016890005886123306
2022-07-14,0.02027541458880747,0.00536708318737256,0.005357484236889209
2022-07-15,0.011385239618738196,0.01033679587143327,0.007330299130864308
2022-07-18,-0.02085920843128938,-0.009667985502962759,0.001997430616818738
2022-07-19,0.02637100076117054,0.020554284265747538,0.020505045463666282
2022-07-20,0.013419363663493713,0.010502088965188174,0.007991447618970264
2022-07-21,0.014981641629377393,0.009751293796912393,0.09331246499887616
2022-07-22,-0.00814389442199334,-0.017060447870203423,0.0019732780255828208
2022-07-25,-0.007425849785517935,-0.0058938889347298065,-0.014093787954092982
2022-07-26,-0.008865758246736355,-0.027139297781127107,-0.0363152186530825
2022-07-27,0.03366190500835626,0.06471214740217962,0.05982904612856656
2022-07-28,0.0035652853535026703,0.02814109354237027,0.021882347827174065
2022-07-29,0.03226697548967285,0.015543455224757915,0.056238328890716484
2022-08-01,-0.006172526113778333,-0.009771808773087904,0.0004262206792024022
2022-08-02,-0.009330625762143033,-0.011540722589920399,0.011072869479979633
2022-08-03,0.03753414234830467,0.027456138570293737,0.022402858626649376
2022-08-04,-0.0019279887363934615,0.004168633586873762,0.004014952135593356
2022-08-05,-0.001389946249571726,-0.0026123838983488743,-0.0686033118290163
2022-08-08,-0.0029072002553047517,-0.009196734511022854,0.007789020718917544
2022-08-09,0.00030334178625344245,0.007038400200611859,-0.0247155543645267
2022-08-10,0.025857347167554265,0.024009901117322437,0.03816806100817755
2022-08-11,-0.004441505481484921,-0.007428620853996207,-0.026599955270312267
2022-08-12,0.021199452308396066,0.01689385978944756,0.045690263130780645
2022-08-15,0.0063132518275881115,0.005329931316232805,0.030493897831355556
2022-08-16,-0.0009240729999687268,-0.0025929192627352857,-0.008952025876518947
2022-08-17,0.008745963741958962,-0.0026396561607612222,-0.008407578354357605
2022-08-18,-0.002293886643620432,-0.003955439466546328,-0.0037131047703819653
2022-08-19,-0.015217352214230526,-0.013950835754788931,-0.02069451464936621
2022-08-22,-0.023298652508352644,-0.029794720770050836,-0.023027123255798403
2022-08-23,-0.00203094879221926,-0.00472766209768809,0.02230781558771273
2022-08-24,0.0017920095109477034,-0.0023540751674340416,0.0021677745650455194
2022-08-25,0.014812632089726585,0.01103428214109437,-0.0034616690754643124
2022-08-26,-0.038428147713534914,-0.039351498343631726,-0.02732301898385137
2022-08-29,-0.013784889665586875,-0.010725364430368017,-0.011415491099770154
2022-08-30,-0.015423904428170852,-0.008557307209141558,-0.02531598923616216
2022-08-31,-0.010691782645122482,-0.005720301070484421,-0.007554668468041173
2022-09-01,0.004695622695984067,-0.004100697809967295,0.005608200169827373
2022-09-02,-0.013704433860292612,-0.016806981352666124,-0.025395567131662106
2022-09-06,-0.00824912642985433,-0.011034764159851605,0.015460425583855752
2022-09-07,0.00921145157713057,0.018931189315500203,0.03325755641840769
2022-09-08,-0.009664476577092225,0.0016647840574577513,0.019408586563541073
2022-09-09,0.01866446402444842,0.02271671248248875,0.035389242849343666
2022-09-12,0.037785079980013764,0.008247267272713965,0.015693156705112052
2022-09-13,-0.06047172772175858,-0.056547543005058515,-0.041209445573060305
2022-09-14,0.009509979869812835,0.0009121620528507752,0.035245873940170286
2022-09-15,-0.01911116657826191,-0.0274936668679187,0.0037601953268899466
2022-09-16,-0.011020630402350276,-0.0026116387905688754,-0.0013177201460770078
2022-09-19,0.02477348620733659,-0.0008991437941943106,0.018680537647816527
2022-09-20,0.015544171734410611,-0.008501822223820538,-0.001100668054834369
2022-09-21,-0.02047603717381087,-0.014541071323189643,-0.026021592607865372
2022-09-22,-0.00639564318113165,0.008459528847447547,-0.041438568478665415
2022-09-23,-0.015239470821203785,-0.012779576620803439,-0.04703665354268194
2022-09-26,0.0022579216625108686,-0.0019773537441807798,0.0024668028538151034
2022-09-27,0.0065445336360873355,-0.004389311037314102,0.024797737333229056
2022-09-28,-0.012731952095420787,0.01951976116844561,0.017065662059063694
2022-09-29,-0.050366639117172776,-0.014919770943901949,-0.07053030781738909
2022-09-30,-0.030499746638651563,-0.01955836774623871,-0.011097446407076914
2022-10-03,0.030289260676367086,0.03310807928194941,-0.09008354847845322
2022-10-04,0.02530024550097185,0.033253595403912005,0.02862918608137619
2022-10-05,0.0020512352878475563,0.0012847608749852748,-0.035210184423729744
2022-10-06,-0.006647839496638961,-0.009717892054307259,-0.01119146713261551
2022-10-07,-0.03740976316277652,-0.0521916128861467,-0.06533110715825653
2022-10-10,0.002353047512419451,-0.021532945713076117,-0.0004932430962923407
2022-10-11,-0.010308055173206985,-0.016892211645754704,-0.02940186584357689
2022-10-12,-0.004615425631665579,0.0015071313822259097,0.0034122110102537424
2022-10-13,0.03306027817568215,0.036918025976604804,0.020412571604412393
2022-10-14,-0.03277126629853719,-0.024547468556315323,-0.07845410579918485
2022-10-17,0.028706790052031417,0.038495252225906745,0.06770743117966105
2022-10-18,0.009365450382431735,0.004075375102439701,0.0038221656467326303
2022-10-19,0.0007649861354870182,-0.008505635576785546,0.008366694500343838
2022-10-20,-0.0032725683034677865,-0.0013966038626614088,-0.06878698522005931
2022-10-21,0.026699454218040534,0.024966379695452793,0.03395945997966481
2022-10-24,0.014694177145229375,0.020966574176776494,-0.014987724107085643
2022-10-25,0.019152870941523424,0.013697379255142356,0.051525211920993325
2022-10-26,-0.019822372838324716,-0.08029531629222533,0.009931639962148882
2022-10-27,-0.03093880846220759,-0.019953820947257683,0.0020011878357876823
2022-10-28,0.07283442919672672,0.03943244887965534,0.015123446596271505
2022-10-31,-0.015530314623752211,-0.015983249583466416,-0.004297734947230934
2022-11-01,-0.01769861138965439,-0.017206618307529255,0.0012298580156588981
2022-11-02,-0.03801834524944097,-0.036008808019041105,-0.05801089494975568
2022-11-03,-0.04333045653498745,-0.026938592978990913,0.0015338580999043428
2022-11-04,-0.0019490862122721584,0.032782398745473264,-0.03709208198225595
2022-11-07,0.003894492476412242,0.028849337639847115,-0.05137700982212229
2022-11-08,0.004166378729550275,0.004378971054192916,-0.029766854567743133
2022-11-09,-0.0337530657529146,-0.019233846645235416,-0.07436539035358274
2022-11-10,0.08523650698622033,0.07905872946172268,0.07132888823212645
2022-11-11,0.019085275434247012,0.01685448871533323,0.027155202242509627
2022-11-14,-0.009530878277268957,-0.02275706367303763,-0.02594999483044167
2022-11-15,0.011799660991627062,0.0017374034209975573,0.018009160285334423
2022-11-16,-0.008366210879134584,0.0018217173448422917,-0.03934004993858786
2022-11-17,0.012887878016326168,-0.00020692874475411628,-0.020266034660649707
2022-11-18,0.003775028105876071,-0.0019050551319675158,-0.016402810087859467
2022-11-21,-0.02191884892997511,0.0034349525530455636,-0.07082202204033466
2022-11-22,0.014554469558421192,0.01223629631827575,0.012079065403443036
2022-11-23,0.005908787129885117,0.010353057226288397,0.07530952893106566
2022-11-25,-0.019787872054659244,-0.0003636865737482614,-0.0018575995078744564
2022-11-28,-0.026615285539130517,-0.023424524859317657,0.0003280527056264311
2022-11-29,-0.02137506993737791,-0.005932473515687503,-0.011491515256992131
2022-11-30,0.047449979534054595,0.059799331615455927,0.07390252318127676
2022-12-01,0.001889673780685129,-0.0017653581427458944,0.0
2022-12-02,-0.00337682171467437,0.0012949292663007993,0.0008214584254523483
2022-12-05,-0.008015369474963929,-0.01908138325148396,-0.0658052089735389
2022-12-06,-0.02569733311019301,-0.0205127463078898,-0.01451975486845227
2022-12-07,-0.013880877255611674,-0.00306448383250869,-0.03267127201155782
2022-12-08,0.012059939887495532,0.012323143319528345,-0.003453386948248274
2022-12-09,-0.0034408057804327014,-0.008035388535650613,0.03183338116095202
2022-12-12,0.01625713307719819,0.028479701740072874,-0.06477309340338366
2022-12-13,0.00675929944523873,0.017314065512644194,-0.04179828130131225
2022-12-14,-0.01565761152506642,0.0011669985288713422,-0.02612261140486262
2022-12-15,-0.047987463322593384,-0.03243887497336331,0.005533102257132837
2022-12-16,-0.014686267124585765,-0.017500831802727747,-0.04833680500131505
2022-12-19,-0.016037455420586422,-0.017479991976524858,-0.0023992055582815475
2022-12-20,-0.0005288299731073317,0.005598905797121592,-0.08396483835074355
2022-12-21,0.023530590067525562,0.010817797484989726,-0.0016704490129968075
2022-12-22,-0.02405993434237312,-0.025860166935003908,-0.09302311928148893
2022-12-23,-0.0028020054918967826,0.00226437657098117,-0.017706675474399133
2022-12-27,-0.013975618853488598,-0.00744178511946413,-0.12113825810398889
2022-12-28,-0.031165869864536157,-0.010307796997140715,0.032553261278161744
2022-12-29,0.02793064091706707,0.02725495629114155,0.07772640277207259
2022-12-30,0.002465839709774954,-0.004949698069631652,0.011102159833173808
2023-01-03,-0.03812214343960927,-0.0010012264323952425,-0.13058999220665155
2023-01-04,0.01026156410895771,-0.04472885577464684,0.04997884108534127
2023-01-05,-0.010661471957567661,-0.0300858567359523,-0.02946907696009933
2023-01-06,0.036133121962753326,0.011716436529588963,0.02435215499827936
2023-01-09,0.004080793030149308,0.009689320779935163,0.057654579278002285
2023-01-10,0.004446738810864533,0.007588139169444998,-0.007711027963739906
2023-01-11,0.020892373576004184,0.02979007171410952,0.036109204525613114
2023-01-12,-0.000599460085662577,0.011554404305662045,0.002755462798387791
2023-01-13,0.010068183112870242,0.0030143152045700346,-0.009432465746952078
2023-01-17,0.008718085731620804,0.004670688399454838,0.07163646233055776
2023-01-18,-0.005384234576021286,-0.019069725415774525,-0.020825332244057446
2023-01-19,0.0004435297265992824,-0.0165908912647379,-0.012580752996881195
2023-01-20,0.01903851134447256,0.03511957886531269,0.04797727392320404
2023-01-23,0.023228476543381095,0.009776418849474854,0.07457364612008015
2023-01-24,0.01001262953008401,-0.0022285275233174294,0.0009734348560736818
2023-01-25,-0.004711837166579875,-0.00592565525523319,0.0037457958683397114
2023-01-26,0.01469488675684623,0.030251322582705718,0.1040650092615062
2023-01-27,0.013591439393086085,0.0006450422974415023,0.10436164069972145
2023-01-30,-0.020282229415166483,-0.022206471035618777,-0.06526572943550507
2023-01-31,0.008980304300540915,0.020795030532338863,0.03860663902242871
2023-02-01,0.007870042130256273,0.01973840620331754,0.04619721319012761
2023-02-02,0.03639200297921441,0.04581850567963371,0.03711744228973266
2023-02-03,0.02410711877304525,-0.023904143943592904,0.009041655543147504
2023-02-06,-0.018091718904918494,-0.00613440985691861,0.024849222136681948
2023-02-07,0.01906189638166007,0.041163177565212976,0.010470780820742305
2023-02-08,-0.01781018095577786,-0.003107061812671184,0.022507837028282126
2023-02-09,-0.006935657665210878,-0.011727978986056325,0.029516907690852447
2023-02-10,0.0024532731637111433,-0.0019746526738806066,-0.05161833459581209
2023-02-13,0.01863200413507264,0.030764595800538638,-0.011493498714308886
2023-02-14,-0.004233936966987173,0.0031282264826592355,0.07237801403011461
2023-02-15,0.013807801682862065,-0.00802497522282401,0.023567198213512965
2023-02-16,-0.010484355122367126,-0.02698372379944078,-0.05863124321363247
2023-02-17,-0.007575487471989895,-0.015724665206301194,0.03056167870629532
2023-02-21,-0.027041782072790545,-0.021107755533691302,-0.05394722804913013
2023-02-22,0.002891717588792806,-0.004601659491145684,0.017528035977254008
2023-02-23,0.0032852732320094195,0.012878439714241411,0.006006057267467722
2023-02-24,-0.01816959657755532,-0.022024991691865704,-0.02601977738759486
2023-02-27,0.008214036341698953,0.0037646293708919754,0.05316324215501689
2023-02-28,-0.0034539694407176766,-0.0029623833398232375,-0.009290230436857878
2023-03-01,-0.014348293361983335,-0.012709876266578038,-0.014395089751065942
2023-03-02,0.004120487090324312,0.01946264349616281,-0.06032265409146769
2023-03-03,0.034488328472344586,0.016508995577281468,0.035456129089512615
2023-03-06,0.01836987229715188,0.0061700023804434475,-0.02032754273314507
2023-03-07,-0.01460289860381015,-0.010645533108619947,-0.03198003067013698
2023-03-08,0.008342601058301374,-0.0017721190977810764,-0.03089156736881823
2023-03-09,-0.015026944251327874,-0.005454130630703614,-0.05117763786639216
2023-03-10,-0.01397592492118752,-0.014893282699969654,0.0030026831172517087
2023-03-13,0.013178743232823023,0.0212143035294992,0.005978365078895034
2023-03-14,0.013990828546655672,0.02669607135901444,0.04909578215581386
2023-03-15,0.0026180697529268283,0.017673432895587565,-0.015452165385496756
2023-03-16,0.01852150676674053,0.039736417277226925,0.020188342220549882
2023-03-17,-0.0054689771809414405,0.011626784004725289,-0.021963216854791676
2023-03-20,0.015365187085364827,-0.026104788575658764,0.01717250122413543
2023-03-21,0.011873299395778188,0.0056775204807661085,0.07529223411697607
2023-03-22,-0.009145234674268084,-0.005457096594759842,-0.03308514667181837
2023-03-23,0.006945335721213579,0.019529512811879,0.005582127533771847
2023-03-24,0.008271226046056498,0.01042624803101516,-0.009460894526444722
2023-03-27,-0.01236925963701799,-0.015046666972422157,0.007325624786097459
2023-03-28,-0.003988320119114922,-0.004169569338726131,-0.013753472002494754
2023-03-29,0.019597249881417672,0.019002206798311994,0.0244876221590413
2023-03-30,0.009841396279948525,0.012540882405366308,0.0071949836717746535
2023-03-31,0.015523200628596561,0.014851514933280232,0.060504162532241994
2023-04-03,0.007671929050108688,-0.0037185723132983853,-0.06311918518816914
2023-04-04,-0.0032547827539266957,-0.00017425517920255455,-0.011307735857578445
2023-04-05,-0.011354420131788577,-0.009938248398592673,-0.03734894534323159
2023-04-06,0.005480789150508441,0.025212275507629844,-0.002482632348555218
2023-04-10,-0.016101300563490913,-0.007607635945522128,-0.0029764508462146334
2023-04-11,-0.007620034913849299,-0.022929332911102367,0.012281322445656238
2023-04-12,-0.004362727482220015,0.002330666617526319,-0.03403263254550459
2023-04-13,0.03353507022655674,0.022152294518185203,0.029256539212836878
2023-04-14,-0.00211636408015009,-0.012847869299609913,-0.004853036816821199
2023-04-17,0.0001210504708860356,0.009253266246859657,0.010966636750077955
2023-04-18,0.007476562001475735,-0.0014899994518540519,-0.01470335251106692
2023-04-19,0.006944227814754153,0.00027740505675757633,-0.020389861131667346
2023-04-20,-0.005863538176121968,-0.008145597763084069,-0.102540365251667
2023-04-21,-0.009829013003902064,-0.0012237836825688693,0.012741333042302827
2023-04-24,0.0018767003875040144,-0.014061308480581139,-0.015444550452118741
2023-04-25,-0.009480453372050255,-0.022793802564465154,-0.011633104865311444
2023-04-26,-6.096845990034765e-05,0.06993166599719199,-0.04402465397224694
2023-04-27,0.027999391776873245,0.03152532399414135,0.041032719267455574
2023-04-28,0.00751290457065921,0.00794013573007196,0.025394246651119615
2023-05-01,-0.0005306411140496875,-0.005548452137877787,-0.015208459761728233
2023-05-02,-0.006210545222524404,-0.0004908700319741656,-0.009436987371174365
2023-05-03,-0.00648820550633407,-0.0033126087125816854,0.001869644402715088
2023-05-04,-0.009963130810249998,0.0033126087125816593,0.0036667412660127767
2023-05-05,0.045859143648057626,0.01701153019444871,0.05350549046047228
2023-05-08,-0.0004031976122525213,-0.006458637380616135,0.01012145995502574
2023-05-09,-0.0100212952912058,-0.005360363412488743,-0.015486902413259212
2023-05-10,0.010366699333511939,0.017148659582068737,-0.003612788634512576
2023-05-11,0.0010943888420427322,-0.0070692238654265676,0.020786425091438347
2023-05-12,-0.0054322727499170964,-0.003682955837038622,-0.024114596337054404
2023-05-15,-0.0029016933166936282,0.0015846713446698566,-0.009750860107846383
2023-05-16,0.0,0.007340597562259039,0.0010214088288270423
2023-05-17,0.0035966660219236488,0.009407270857692515,0.04313493317739194
2023-05-18,0.013573641216674875,0.014292259389545956,0.01727768584344739
2023-05-19,0.0006281201233946737,-0.0005652356911115472,0.018206255962432197
2023-05-22,-0.00549569773210915,0.008881722906033536,0.0473245988875953
2023-05-23,-0.01527107360561337,-0.01860410610038341,-0.016549549453013596
2023-05-24,0.0016308367642698554,-0.00448246288241192,-0.015569850375931848
2023-05-25,0.006669986343124719,0.03773682596323745,0.008547333224801211
2023-05-26,0.014006283335253389,0.021160336966273813,0.04608376548838008
2023-05-30,0.01060308108959677,-0.005059746457916193,0.04053000876950061
2023-05-31,-0.00028191911148764317,-0.00855055943675657,0.013676132280176286
2023-06-01,0.015895290135332807,0.01267842507368343,0.017450979367424006
2023-06-02,0.004764284991439808,0.00844338255792172,0.03060808282755737
2023-06-05,-0.007600165540533715,0.0016088016154651396,0.016868648629117584
2023-06-06,-0.002062306883484085,-0.006750251897656768,0.01685994991971048
2023-06-07,-0.00778637926862551,-0.03135423929175598,0.01462307267215519
2023-06-08,0.015346530793463558,0.005796736562631771,0.044802099330861545
2023-06-09,0.00215742138689283,0.004692874131822757,0.03981660778824774
2023-06-12,0.015518106732153715,0.01536516730919325,0.02197449156261295
2023-06-13,-0.002615264823663976,0.007326007866377431,0.03492701634188564
2023-06-14,0.00348533398426806,0.009082374629186863,-0.007449046704933148
2023-06-15,0.011136341722759211,0.031398479896276574,-0.003471944208969137
2023-06-16,-0.0058770916115308035,-0.016714508780175663,0.01796971375181672
2023-06-20,0.00048657405113407357,-0.012581549705611319,0.05201270640767318
2023-06-21,-0.00569162227443431,-0.013371071623485253,-0.05616662426467672
2023-06-22,0.0163903549071757,0.0182696937397456,0.019654473293680905
2023-06-23,-0.0017128915524203202,-0.013902004993408055,-0.03073851253541729
2023-06-26,-0.007581520437200655,-0.019349112233189476,-0.06251408245574486
2023-06-27,0.014946785635145236,0.0180048162655666,0.03729619858071868
2023-06-28,0.006307873643446248,0.003818572319596585,0.023813875097039847
2023-06-29,0.0017949188569337795,-0.002384770461644764,0.004905252914132209
2023-06-30,0.022839747099442222,0.016252840763045028,0.016446493545468958
2023-07-03,-0.007815318443780861,-0.007516302530645181,0.06668035183063045
2023-07-05,-0.0058886451021899185,0.0004732022138858436,0.009461225032650612
2023-07-06,0.0025057780613756088,0.009184337612298468,-0.02125228365266279
2023-07-07,-0.005908901615882707,-0.011938540303654693,-0.007659314226953743
2023-07-10,-0.010915057958458969,-0.016112678483933596,-0.01771977662648564
2023-07-11,-0.002814116059354547,0.00192710854081595,0.0006674942605875906
2023-07-12,0.008945390606963758,0.014126407469265821,0.008121354742896705
2023-07-13,0.004049423191896475,0.016062444244800994,0.021496049775542363
2023-07-14,0.0007869733933284798,0.007501199200556085,0.012444771516691934
2023-07-17,0.017157434718373287,0.0014182818324592374,0.03148434056863512
2023-07-18,-0.00134099355112869,0.0390281786849116,0.010141906463636843
2023-07-19,0.0070466043626902985,-0.012343294243886874,-0.00711596075110357
2023-07-20,-0.010148448602709886,-0.023393127358167412,-0.1024426640636013
2023-07-21,-0.006180835062560458,-0.008976993641803422,-0.011015199637560409
2023-07-24,0.0042111504452979325,0.003890279012951833,0.03417588510139714
2023-07-25,0.0045034747529130534,0.016866114025916888,-0.014148526638195588
2023-07-26,0.004534787399305455,-0.03836416840706581,-0.003511861575139069
2023-07-27,-0.0066027630924876575,-0.021092962304131376,-0.03322998965193553
2023-07-28,0.013417455206344756,0.02286783994564131,0.041105070589749985
2023-07-31,0.0031609722119198542,-0.007266860692112751,0.0037087357528333273
2023-08-01,-0.004284972821053673,0.001249464192746467,-0.02406922380883306
2023-08-02,-0.015611297251356345,-0.026634642210305433,-0.027021352113565888
2023-08-03,-0.007348634088286234,-0.002568168218186801,0.020295602012260324
2023-08-04,-0.04921130736749807,0.0034230143173234434,-0.02127991218642005
2023-08-07,-0.017404017547093018,0.00708297660402249,-0.009538785882980405
2023-08-08,0.005297482265615615,-0.012375050185975293,-0.00698396541730477
2023-08-09,-0.008994718688008252,-0.011784946641806088,-0.030537632908455258
2023-08-10,-0.0012355139789626255,0.002169817249900412,0.012922436522360333
2023-08-11,0.0003373939471919812,-0.005963360261544618,-0.011024937980288016
2023-08-14,0.009349495567159301,0.009394964120264047,-0.011981650600334395
2023-08-15,-0.011263510478866336,-0.006750564149853304,-0.028771606269163908
2023-08-16,-0.00497151418322604,-0.0024314681326991637,-0.032103247149655095
2023-08-17,-0.014662057445035495,-0.011047122102666054,-0.028687749322523545
2023-08-18,0.0028122535321712817,-0.0012627968380975567,-0.017161267109647226
2023-08-21,0.007706991997504505,0.01691862510035487,0.07071456218373605
2023-08-22,0.00787376275287191,0.0018001236676680283,0.00822448994977978
2023-08-23,0.021711479484173804,0.01398124718850357,0.015615669490355368
2023-08-24,-0.026519017756677074,-0.02173318983574634,-0.029216074210292504
2023-08-25,0.012564041835372295,0.009363259008849097,0.036493404628287436
2023-08-28,0.008807070043375878,0.0022267166797777403,0.0009635784854130897
2023-08-29,0.021575702729316575,0.014445638428238735,0.07406603958973092
2023-08-30,0.018990789268637304,0.001156499197865383,-0.001089320005828064
2023-08-31,0.0011717988879258634,-0.0031376850338041278,0.004582681990043304
2023-09-01,0.008427753983990888,0.0027423330357416536,-0.051970558729417304
2023-09-05,0.0012660019466405239,0.014769003352680292,0.04579063580383233
2023-09-06,-0.03644983742798165,-0.0020108029988562667,-0.017978069897591802
2023-09-07,-0.029685558094885277,-0.008962167511923297,-0.0017083203640210316
2023-09-08,0.0034857266628734473,0.013128920442072138,-0.01196040362366727
2023-09-11,0.006600626460971735,0.010919542217645262,0.09615118904304938
2023-09-12,-0.017207684900047683,-0.01842639277235922,-0.022549196320499374
2023-09-13,-0.011925656023685305,0.012847737121426575,0.01418033641106544
2023-09-14,0.008744199667161098,0.00782501784339547,0.017320639037477315
2023-09-15,-0.00416259449124897,-0.025355693982875557,-0.0059953082833390835
2023-09-18,0.01677175580925324,-0.0035188533511668683,-0.03376463807907184
2023-09-19,0.0061619219799735605,-0.0012468814213133954,0.004588376260533905
2023-09-20,-0.020194721492919274,-0.024269005074079943,-0.014780377139554338
2023-09-21,-0.008929153033555048,-0.0038732559451016223,-0.026588996104119158
2023-09-22,0.00493214991185335,-0.007917597910316907,-0.043236555785455495
2023-09-25,0.007353349588345339,0.0016703427330492149,0.008579557642105126
2023-09-26,-0.02367649342223248,-0.01715185828319296,-0.011687984544271047
2023-09-27,-0.008937365877283124,0.002080124695366437,-0.014939798128788435
2023-09-28,0.001524392608716971,0.0027138260714241456,0.0241549898062297
2023-09-29,0.0030418315608685717,0.006704837383103083,0.015465456415727708
2023-10-02,0.0147266856768791,0.018979530973681793,0.005500013317317833
2023-10-03,-0.007800149999581517,-0.026481782424149992,-0.020356864105244107
2023-10-04,0.007282111582322768,0.01761723704678063,0.05764957536105983
2023-10-05,0.007172186260014719,0.001253374333112231,-0.0042593870629195184
2023-10-06,0.014642690705801483,0.02443588033906989,0.0018441397469999051
2023-10-09,0.008415732394828738,0.007792045560185813,-0.0033063672235030548
2023-10-10,-0.0033579372638006056,-0.004344802187203314,0.015097007960672728
2023-10-11,0.007873013895022438,0.012197039543909978,-0.0023926822540326844
2023-10-12,0.005048420758239726,-0.0037973737056425684,-0.015789985181823882
2023-10-13,-0.010345904554767128,-0.010411628583911923,-0.030395093236742683
2023-10-16,-0.0007273039385836383,0.01487073476743164,0.011088356477393282
2023-10-17,-0.008823622511452129,-0.0017452659061878496,0.003655911168542643
2023-10-18,-0.007422195666730011,-0.005889904966142192,-0.048931487841958825
2023-10-19,-0.002163464326004567,0.003658942764156598,-0.09761624872658325
2023-10-20,-0.014813362882294722,-0.014134240971096645,-0.037588294506417
2023-10-23,0.0006937733674712265,0.008079551702540216,0.00042444095402800134
2023-10-24,0.002540408024704845,0.003667514876682257,0.020719371046622158
2023-10-25,-0.013583642841857053,0.030216738586091963,-0.019117503387764197
2023-10-26,-0.024913313188102925,-0.038236045332097464,-0.031855023921114264
2023-10-27,0.007937807326166604,0.005838653131277788,0.00745661981088352
2023-10-30,0.012229941121247959,0.022485489894523175,-0.04913755884950848
2023-10-31,0.0028149477504022954,0.0023689646731985758,0.017479077618859314
2023-11-01,0.01856516980344062,0.023269708312660887,0.023715784675123197
2023-11-02,0.02048214797906256,0.006480652779367735,0.060607417331922916
2023-11-03,-0.005194550176109099,0.01277952138946717,0.006613987223154421
2023-11-06,0.01449941574407048,0.01051711403372579,-0.003141875517400063
2023-11-07,0.014347374299403378,0.011156839798573789,0.013183964542986846
2023-11-08,0.005867758487554116,0.007378584719849581,-0.00031507378994064173
2023-11-09,-0.002627988239930886,-0.006935034728971528,-0.05616048965858237
2023-11-10,0.022954582153123532,0.024592058848644075,0.021996498496030515
2023-11-13,-0.008620785294476283,-0.008121263992593435,0.04134183399945281
2023-11-14,0.014184622066650622,0.00974304233178655,0.059438019477541446
2023-11-15,0.003036322415599366,0.00040576874182954265,0.02261415546906529
2023-11-16,0.009001461691823346,0.017430364979658077,-0.03883534904080814
2023-11-17,-0.00010540982834902263,-0.016943676512245483,0.003034932397664385
2023-11-20,0.009235401423754789,0.020314237021652796,0.005533119144943252
2023-11-21,-0.004239735144462238,-0.011645529810285904,0.023490974516940342
2023-11-22,0.0035081823788760047,0.012731175535536793,-0.029408274734311717
2023-11-24,-0.007028877755560255,-0.001112129588560437,0.005280386261856706
2023-11-27,-0.0009479516045590036,0.003121494054195931,0.0026721746625813217
2023-11-28,0.0032088493565228244,0.010744698136136677,0.04408335693193017
2023-11-29,-0.005424264444737985,-0.010111012836679895,-0.010512266581044115
2023-11-30,0.003058182303468861,0.0001584610112621476,-0.01676961998268328
2023-12-01,0.006768205901974668,-0.011680072635126139,-0.005220199323597404
2023-12-04,-0.009509576429768738,-0.01444267051171436,-0.01370144313218934
2023-12-05,0.020844339204953283,0.009114648123653259,0.013240755825754019
2023-12-06,-0.005703227261579718,-0.010036178568724675,0.002719129460769398
2023-12-07,0.010088192987795666,0.005812779232986451,0.013568409275163597
2023-12-08,0.0073850643800618355,0.008803221984833708,0.004933396614923965
2023-12-11,-0.013011550049947583,-0.007860108389781174,-0.016957231787828677
2023-12-12,0.007888943793753682,0.008260771267854123,-0.011452714531076777
2023-12-13,0.016553632243559678,-2.6617415328675053e-05,0.009573866272891411
2023-12-14,0.000757416463784691,-0.022802517097794038,0.04797595720291628
2023-12-15,-0.0027293570867373317,0.013032075504992744,0.009711688394547188
2023-12-18,-0.008539716306784533,0.0051655120422377425,-0.0056173183184346845
2023-12-19,0.005345813765292128,0.0016355046496994755,0.020185249870892544
2023-12-20,-0.010771714321681192,-0.007097903283398778,-0.0399767793773106
2023-12-21,-0.0007703309538416975,0.007847963571962753,0.029345860784192233
2023-12-22,-0.005562839088673918,0.0027802534808183373,-0.007731210565404946
2023-12-26,-0.002844936023760961,0.00021362868201251514,0.01598774007390915
2023-12-27,0.0005176893128702867,-0.0015761912198883202,0.018647455510860632
2023-12-28,0.0022237957121079197,0.003229482091620735,-0.032104151730159784
2023-12-29,-0.005438855186714411,0.002023193739627706,-0.0187383270737913
2024-01-02,-0.03644272105215917,-0.013844202530495064,-0.00024148746074566403
2024-01-03,-0.0075158316683042285,-0.0007281547419379401,-0.04096122279932548
2024-01-04,-0.012781176852453412,-0.007203364624831775,-0.0021831499656647054
2024-01-05,-0.004021353475646283,-0.0005165652702576225,-0.0018509415250830851
2024-01-08,0.02388749151133959,0.018695673708459624,0.012386614576639058
2024-01-09,-0.002265974452316491,0.002931509357813403,-0.023096839566935645
2024-01-10,0.005655254867176535,0.018403781657327672,-0.004350632806278706
2024-01-11,-0.0032276095385275275,0.004847519164813092,-0.029145966144498332
2024-01-12,0.0017764079285156641,0.00993417364466546,-0.03734939877742937
2024-01-16,-0.012393493768249993,0.004622895767809193,0.004649070658851297
2024-01-17,-0.005186868835133463,-0.0020520089486157304,-0.020025473044372716
2024-01-18,0.0320515175949085,0.011234019153063973,-0.017172815629643214
2024-01-19,0.01541355306784937,0.012113038280486262,0.0014620115002590317
2024-01-22,0.012089841769409967,-0.005432646898023735,-0.016105240597581734
2024-01-23,0.006631205050831661,0.006009475903683478,0.0016270106278732431
2024-01-24,-0.0034899450844007277,0.00913340328002947,-0.006283434610725192
2024-01-25,-0.001698216479984002,0.005721932950964462,-0.12925817170128795
2024-01-26,-0.009053676373512048,-0.002324485879939516,0.003389065826718794
2024-01-29,-0.0035923587894014933,0.014232421342116629,0.041055489597857625
2024-01-30,-0.01943322857082452,-0.0027617314053817697,0.0034508226289791306
2024-01-31,-0.01954736591916397,-0.02731618421816566,-0.022699471099276638
2024-02-01,0.013252364202086779,0.015474147875885512,0.008347821172369478
2024-02-02,-0.0054198755503351535,0.018258071674457605,-0.005042858776994779
2024-02-05,0.009798505585769998,-0.013637640975521791,-0.03713468972636411
2024-02-06,0.008594695129125555,-0.0003944227768017734,0.02206779799027196
2024-02-07,0.0005808510812003708,0.020890524729696845,0.013309178288648946
2024-02-08,-0.0057713527207153914,0.0001449156337530759,0.010500153377802503
2024-02-09,0.004085677001755666,0.015431644264441158,0.020933657774970457
2024-02-12,-0.009042663536615073,-0.012658457053058045,-0.02850600281752684
2024-02-13,-0.011338347460625894,-0.021763879349646634,-0.02208876860591097
2024-02-14,-0.004821374792616386,0.009618936587323575,0.025167010147113134
2024-02-15,-0.0015761253006475577,-0.007180896664687543,0.06035334314528131
2024-02-16,-0.008466092353451457,-0.006168165404646246,-0.0024975038337594173
2024-02-20,-0.004122297441766459,-0.003147949619280667,-0.031447068575791895
2024-02-21,0.004177194064261317,-0.0015157140413887243,0.005199145723306659
2024-02-22,0.011181295547119276,0.023273796881248518,0.013463405650618309
2024-02-23,-0.010084839101428841,-0.003187451337451612,-0.027943686650054752
2024-02-26,-0.007479211320198888,-0.006846964098587358,0.037973710740030475
2024-02-27,0.008081623847445468,-0.000147132283707906,0.0016536061675660274
2024-02-28,-0.006647345771326961,0.0005887032847843423,0.011499231283567918
2024-02-29,-0.0037000845449536935,0.01441543200513051,-0.0007921787106965236
2024-03-01,-0.0060486008041340305,0.004486573334405038,0.0037575170226514664
2024-03-04,-0.02570885263541311,-0.00139694787529434,-0.07424463938175002
2024-03-05,-0.028853362757154354,-0.03001791869956341,-0.040126798433230214
2024-03-06,-0.005895462783679872,-0.001391778062018455,-0.023512123304642838
2024-03-07,-0.0007097713623852293,0.01738150931689536,0.01188110874296599
2024-03-08,0.010184668197105862,-0.007162650862289264,-0.018701625030085045
2024-03-11,0.011762119610899008,-0.004193666368048538,0.013763678693560029
2024-03-12,0.0027744997014685956,0.026251754006218625,-0.0012947061441473569
2024-03-13,-0.01219647714053483,-0.00043345600339062,-0.04646099727496628
2024-03-14,0.010868088165155557,0.024087278672910127,-0.042056898779332184
2024-03-15,-0.002199029749393404,-0.020912360521309663,0.006563076277915342
2024-03-18,0.0063522994191462494,0.0021589924410432134,0.060664152342604714
2024-03-19,0.013493622041176401,0.00975283153026492,-0.014372034891457558
2024-03-20,0.01460205522987625,0.009024000566003035,0.025017133837829976
2024-03-21,-0.0417156457876668,0.009688689121840375,-0.016299696542812377
2024-03-22,0.0052961075618163335,-0.0014682154629306406,-0.01158171211632812
2024-03-25,-0.008334967138885973,-0.013809576482895108,0.010481683435756076
2024-03-26,-0.006694949043069928,-0.002865575380112886,0.0287772826285837
2024-03-27,0.02099072846095038,-0.0005218235598434018,0.012084083617363902
2024-03-28,-0.010615324530696132,-0.0016862649086502542,-0.02272190773999231
2024-04-01,-0.008491463462241614,0.009109456322218178,-0.0032477284143495326
2024-04-02,-0.007023508081594979,-0.007399442858561829,-0.05026651935105258
2024-04-03,0.00478593330506446,-0.0023518573280017024,0.010447544054431742
2024-04-04,-0.004904404879617776,-0.00613120212661415,0.016083269202606634
2024-04-05,0.004491718798502383,0.018117486127578557,-0.03696743555877544
2024-04-08,-0.006685749869397363,-0.002187765552061572,0.04783676362708771
2024-04-09,0.007216327949144959,0.00397220665923113,0.022295607975213145
2024-04-10,-0.011201781401945266,-0.0071095098821375305,-0.02937344256551801
2024-04-11,0.042360806910590444,0.010972669663741224,0.016399556773736196
2024-04-12,0.00858970284114023,-0.014191158030628145,-0.020541749097701737
2024-04-15,-0.02210608853380554,-0.019772277797998703,-0.05757465973833702
2024-04-16,-0.019353390159766795,0.0022698322456769153,-0.02743506868222295
2024-04-17,-0.008180547161433778,-0.00663095445951162,-0.01062208397137564
2024-04-18,-0.005730937025399229,-0.018551951888159182,-0.036155647217109545
2024-04-19,-0.012287675127712136,-0.012820833810656252,-0.01939578390268632
2024-04-22,0.005077924203828401,0.004599417589912793,-0.0345935559693179
2024-04-23,0.006371303739354995,0.01635123540662145,0.018345226676437152
2024-04-24,0.012622287258577067,0.003649051788788379,0.11387415621830609
2024-04-25,0.0051341993341462175,-0.024800025096616284,0.04845814470471284
2024-04-26,-0.0034789234402100217,0.0180792131171233,-0.011168015552988686
2024-04-29,0.024505242416154448,-0.010067339677992018,0.14242723171122051
2024-04-30,-0.018439826097627482,-0.032646497713433434,-0.05710084205665045
2024-05-01,-0.006065416318527016,0.014306652729412207,-0.018113707174260838
2024-05-02,0.021792732703255813,0.007316004933623385,0.00011105007606901516
2024-05-03,0.05809558070521248,0.021927631318444038,0.006533843535574036
2024-05-06,-0.009148572010026905,0.016776798084022274,0.019511437908751133
2024-05-07,0.003790066947920785,-0.010208277423861984,-0.03834210509362041
2024-05-08,0.0018622762229024295,0.0029273213075771813,-0.017530851194269642
2024-05-09,0.009964480579587659,0.004326431203381354,-0.015864649448707812
2024-05-10,-0.006914125777397361,0.005852008930468395,-0.020562350450525728
2024-05-13,0.017491604599412347,-0.002462318355778151,0.020097034145307512
2024-05-14,0.006154525441429498,0.006840992054559014,0.03239754278801776
2024-05-15,0.01214404983649866,0.017332905971361844,-0.020254418706909572
2024-05-16,0.0006321519384521281,-0.004952095015994325,0.004873391179277019
2024-05-17,0.00015809704324246245,-0.0018546355343687846,0.01487402019069651
2024-05-20,0.006143069544336406,0.012134383480633826,-0.014245067870223688
2024-05-21,0.006833857435591328,0.008661362037394312,0.06446711975223281
2024-05-22,-0.007566987181459017,0.003443504345194766,-0.035399542384592496
2024-05-23,-0.021282885320936813,-0.008209864740447782,-0.036007818288810785
2024-05-24,0.016451908317632248,0.007373324916008679,0.03116576011599187
2024-05-28,5.285181045600886e-05,0.00037188986148069687,-0.013989415788236143
2024-05-29,0.001577711455709852,-0.0026759712525871175,-0.0031733327174769638
2024-05-30,0.005241213364870129,-0.03437004297756758,0.014648923152829736
2024-05-31,0.005006270987743338,0.0011086860776691775,-0.003978997402597566
2024-06-03,0.009216034316523217,-0.003885940503961081,-0.010102569596006488
2024-06-04,0.0016479050432454062,0.0061476559995215785,-0.008659479988969872
2024-06-05,0.00779050004740082,0.018903591111009695,0.0013151256990527008
2024-06-06,-0.00712185060809433,0.0012018791468250425,0.016660454613497404
2024-06-07,0.012315897890505809,-0.0015793043939477,-0.0025885260992180074
2024-06-10,-0.01933347667400149,0.009439712913173005,-0.02101026729322036
2024-06-11,0.07013130511391258,0.011178980069413749,-0.01817434057762428
2024-06-12,0.02817776180165878,0.019182520036912884,0.03811347747393242
2024-06-13,0.005476084912835394,0.0011782799235245066,0.028799010597446485
2024-06-14,-0.008201967415400139,0.0022394708515783516,-0.024746085007725318
2024-06-17,0.01948052500799044,0.013020069252977185,0.051619109593938894
2024-06-18,-0.011045248461060647,-0.00453774550455168,-0.013860022086213543
2024-06-20,-0.021747732476726598,-0.0014347917131753859,-0.017957490517488288
2024-06-21,-0.010499240746596545,0.009112428924614661,0.00789947152070122
2024-06-24,0.003127601660078475,-0.004702211340506893,-0.002352322975826024
2024-06-25,0.004458435586602649,0.007300097661673289,0.02579011465212662
2024-06-26,0.01979583773092097,0.0026796069095562413,0.047022052078928164
2024-06-27,0.00397800398675037,0.0015248249368530705,0.005332819818052439
2024-06-28,-0.016387492545717173,-0.013114136214258462,0.0023273813203096337
2024-07-01,0.028689017566632283,0.02164561411775076,0.0587798336030084
2024-07-02,0.01610943154674442,0.005567658619487989,0.09710195030947966
2024-07-03,0.005794280938121525,0.003238823442280134,0.06337304899541417
2024-07-05,0.02138991166975554,0.014628840821823969,0.02060688228437289
2024-07-08,0.006517625236335453,-0.002827176531885061,0.005629789876539415
2024-07-09,0.003767775356793676,-0.014474546168386192,0.0364508858978897
2024-07-10,0.018628963793609878,0.014495973642143329,0.0035389720904070512
2024-07-11,-0.023494681769922584,-0.025084006709767917,-0.08822077208547265
2024-07-12,0.012966492005479394,-0.0025325141544607316,0.029434316513726
2024-07-15,0.016604640617048885,0.00090366302527002,0.017609829570940913
2024-07-16,0.0017902792350249757,-0.009828806616565848,0.015396997777534508
2024-07-17,-0.025621465106237282,-0.013437436466133447,-0.03191970033228875
2024-07-18,-0.020748598669369622,-0.007127597761779128,0.002933302220995548
2024-07-19,0.0005797029263787659,-0.007430358591877018,-0.04107613843938718
2024-07-22,-0.0015614520529917827,0.013249303859299991,0.05018271902171053
2024-07-23,0.004677265756682865,0.00430303801740138,-0.020607648987956702
2024-07-24,-0.029175732139573425,-0.03651354311965525,-0.1316429436033912
2024-07-25,-0.004816072586393078,-0.02478587267059922,0.01953112906763447
2024-07-26,0.0021585793798583317,0.016286345382463433,-0.0020452089625195087
2024-07-29,0.0012838678258835056,0.003427373795955844,0.054450283723543685
2024-07-30,0.002562730980144283,-0.008968487145607221,-0.04170207944562903
2024-07-31,0.014879581226529298,-0.010864701876651197,0.04157282172336867
2024-08-01,-0.016892677863788036,-0.002968406408046377,-0.0677870949965208
2024-08-02,0.00684586484690865,-0.020882687550883933,-0.043301714320780456
2024-08-05,-0.049365490977084384,-0.03320193936083003,-0.04324862022379944
2024-08-06,-0.009796263190051082,0.011223658580419498,0.008810602088580683
2024-08-07,0.012420839925809524,-0.002957137108268587,-0.0452676929224409
2024-08-08,0.01649653791096454,0.010635095836374188,0.036255901329012616
2024-08-09,0.01364240971912943,0.008235401046547726,0.0058169037389324395
2024-08-12,0.007104675978345761,0.0019437973292942077,-0.01262938858524463
2024-08-13,0.017046966744169292,0.017544014782569752,0.051032468678537876
2024-08-14,0.002031528594272917,0.0068602334631922505,-0.03152675190710158
2024-08-15,0.013439795137420522,0.011754546657053472,0.061436309145650216
2024-08-16,0.005901163853897865,-0.006099019578330289,0.00920378250292453
2024-08-19,-0.0007081041789434756,0.007285836944119262,0.0300815962441386
2024-08-20,0.0027409286465810527,0.007727484728014654,-0.007300267158314843
2024-08-21,-0.00048568572693838765,-0.0015547470933022264,0.00976670507756732
2024-08-22,-0.008294048923792473,-0.02046088640837749,-0.05813634375381778
2024-08-23,0.010235581215597981,0.002979662705455558,0.0448355914315171
2024-08-26,0.0014977434657738084,-0.007949229825706693,-0.032803441227522996
2024-08-27,0.003734540131903371,0.0008461551109196643,-0.018939062709292416
2024-08-28,-0.006776419114575258,-0.007859934948514976,-0.01667672472989858
2024-08-29,0.01446502638416767,0.006118555727894067,0.0025726237078790366
2024-08-30,-0.003443807052729442,0.009683838224971123,0.03725544123667223
2024-09-03,-0.027582101280921582,-0.01863157116459158,-0.01652927582030035
2024-09-04,-0.00865618322660129,-0.001319734850180166,0.040981513663141275
2024-09-05,0.006903981157526001,-0.0012479923285939989,0.04787601603580388
2024-09-06,-0.007039881406117991,-0.01651695518267661,-0.08824048544582787
2024-09-09,0.00040764535169072254,0.009957697942725269,0.025949973905266994
2024-09-10,-0.0036281211671216024,0.020685687627334522,0.044759273955983725
2024-09-11,0.01151864861565773,0.02111771356654095,0.008628742512625562
2024-09-12,0.0004939106749664769,0.00931720395942512,0.007337206636805016
2024-09-13,-0.0012128686413068483,0.008372419292422772,0.002086485160728214
2024-09-16,-0.028168214410779345,0.00174029132541953,-0.0153589759450266
2024-09-17,0.002170285960656738,0.008794112559668518,0.004794890315022082
2024-09-18,0.01782997020319964,-0.010023507944809738,-0.0029445960609886415
2024-09-19,0.036395019666252186,0.018125823811710535,0.07100962175825201
2024-09-20,-0.002931681312407477,-0.007826565394854391,-0.023519752638904136
2024-09-23,-0.0076099262637897985,-0.004051601051815549,0.048140375327935025
2024-09-24,0.003966060755577184,-0.010061762038656911,0.016935793509053217
2024-09-25,-0.004407797174871538,0.006826997679858645,0.010757148762662677
2024-09-26,0.0050673482280044506,-0.0018530740623745473,-0.010953821465680538
2024-09-27,0.0011860563281470584,-0.007657218240097243,0.024249227064234113
2024-09-30,0.02261428212173342,0.005312842990706184,0.004482044837533062
2024-10-01,-0.029574653801527746,-0.022586444461862292,-0.013894251852425751
2024-10-02,0.0025165632465533063,-0.00849827111093992,-0.03550382703625739
2024-10-03,-0.004906682347852681,-0.00141545849223182,-0.03414806745440706
2024-10-04,0.004994858405834588,-0.0011530305184790622,0.03839570976808356
2024-10-07,-0.02278853119934462,-0.01579488698868568,-0.03768957599969925
2024-10-08,0.018236847155305387,0.012544912474744046,0.015124010919583781
2024-10-09,0.01656043444524371,0.006609092270290918,-0.014210915403026646
2024-10-10,-0.0021806351383671287,-0.003887982127660841,-0.009503630132407265
2024-10-11,-0.006526640691534804,0.0011535659642084527,-0.09192353886888893
2024-10-14,0.016345563919137326,0.006750769941913454,0.006224848869363441
2024-10-15,0.01096430249724263,-0.0009547423762998756,0.0018690482583790414
2024-10-16,-0.008891225072053196,-0.0062765554404319605,0.007983687088569507
2024-10-17,0.0015949974673255313,0.0014408914576338086,-0.0019899714413276278
2024-10-18,0.012201755942301993,0.003449647955760788,-0.0008605378505268966
2024-10-21,0.006278234862801679,0.0014814944316089394,-0.008417707909120924
2024-10-22,-0.0026252192122699887,0.020632015964884374,-0.0040291472851928115
2024-10-23,-0.021860240467908774,-0.006830174089179401,-0.02001831071853799
2024-10-24,-0.0008236002782341415,0.000306153583961143,0.19818699146920754
2024-10-25,0.0036364597655417197,0.008019938402698117,0.032891334056112616
2024-10-28,0.008562721299116073,-0.0036503048339224372,-0.02512824530239814
2024-10-29,0.001156193424850147,0.012486491395575876,-0.01145548515134625
2024-10-30,-0.015395954329437472,0.0013419400355187178,-0.007619899978935549
2024-10-31,-0.018377251659528214,-0.062436924960451036,-0.030353066395916374
2024-11-01,-0.013368591510027525,0.009844308808418283,-0.0034882074251497285
2024-11-04,-0.0040458508844188465,-0.00466518215850132,-0.02496977961188871
2024-11-05,0.0064653901063045595,0.007317863346840643,0.034801627017114346
2024-11-06,-0.003272293631882226,0.020971358037337684,0.13759466024737685
2024-11-07,0.021146975013613407,0.012417304766664927,0.028630012464395397
2024-11-08,-0.0011890255169269006,-0.006816332849390409,0.07869717552417867
2024-11-11,-0.01210146370412555,-0.010778775029328943,0.08580690404849912
2024-11-12,0.0,0.011937780065250637,-0.06342678815128278
2024-11-13,0.003961272575156397,0.005116516039656945,0.005313266949669512
2024-11-14,0.013676495230255877,0.003966747698392304,-0.059448133931949705
2024-11-15,-0.014209577786553566,-0.028247930170279083,0.030196972790488486
2024-11-18,0.013332845383678406,0.0018297435760489553,0.054664350493325395
2024-11-19,0.0011396157466625014,0.004870820106780941,0.02120595242401374
2024-11-20,0.0031490875157576584,-0.005520513404729122,-0.01154032611298051
2024-11-21,-0.002098244672594998,-0.004326088390182938,-0.007012172684276001
2024-11-22,0.005890136105395845,0.009953307218508501,0.0373345373484672
2024-11-25,0.012966437902476032,0.004283481864115421,-0.04043088853449338
2024-11-26,0.009360503322694176,0.021730190703179175,-0.001063755153845317
2024-11-27,-0.0005533082243189591,-0.011751230476258222,-0.015914020837727676
2024-11-29,0.010164054424969154,0.0011105665634608792,0.03619593916712737
2024-12-02,0.009477508384913737,0.017602634730276682,0.03397975234247804
2024-12-03,0.012690970820369836,0.0005103432533601456,-0.016005713052796626
2024-12-04,0.0014824697102612135,0.014321690882204412,0.018355288553428408
2024-12-05,0.00012348208120873777,0.011817876221141325,0.03178623389945424
2024-12-06,-0.0008232493234843567,0.002143921977188925,0.05202108959673976
2024-12-09,0.01597291470261188,0.005508153520140985,0.0014634148953150045
2024-12-10,0.004125246529014003,-0.006049298250369148,0.028328310501358537
2024-12-11,-0.005179575743216254,0.012686168491800973,0.0576113551148347
2024-12-12,0.005946048483328081,0.0012686584936829938,-0.01582716714006912
2024-12-13,0.000685384898021527,-0.005106915610787269,0.04244899941747966
2024-12-16,0.011659448042268787,0.00961237574062961,0.05960057359180242
2024-12-17,0.009672692833396284,0.006335151068538097,0.035724138195772255
2024-12-18,-0.02165458004728542,-0.03828456391051374,-0.08642421525210743
2024-12-19,0.006990219865292301,-0.0008235136177587121,-0.009038042516689774
2024-12-20,0.018640993730636515,-0.000984313284351221,-0.0352567708528249
2024-12-23,0.003060244616934628,-0.0030968750423406525,0.02240426356053564
2024-12-24,0.011412834331439387,0.009330105308888096,0.07099116636191981
2024-12-26,0.003170589406825792,-0.0027807595214962475,-0.017787254049436575
2024-12-27,-0.01333072910408431,-0.01745286252891964,-0.05074526160258332
2024-12-30,-0.013352175480980388,-0.013328016181676141,-0.03356928885086787
2024-12-31,-0.007082836436608911,-0.007869331392688115,-0.03305021011916344
